Customer_ID,Total_Orders,Total_Revenue,Total_Profit,Total_Quantity,Average_Order_Value,Average_Discount,First_Order_Date,Last_Order_Date,Customer_Location,Region,Customer_Profit_Margin,Customer_Segment,Customer_Type
CUST-1000,3,276.97,177.84,11,92.32,10.0,2025-04-16 15:24:00,2025-09-07 15:14:00,St. Louis,Central,64.21,Medium Value,Repeat Customer
CUST-1001,29,2376.57,1150.06,51,81.95,7.24,2025-01-10 20:38:00,2025-12-24 09:56:00,Los Angeles,West,48.39,High Value,Repeat Customer
CUST-1002,6,401.62,221.25,13,66.94,8.33,2025-01-01 10:37:00,2025-09-25 10:28:00,Dallas,South,55.09,Medium Value,Repeat Customer
CUST-1003,3,300.87,180.68,9,100.29,1.67,2025-01-10 12:12:00,2025-12-16 14:16:00,Miami,South,60.05,Medium Value,Repeat Customer
CUST-1007,8,427.47,201.13,11,53.43,9.38,2025-02-16 10:16:00,2025-10-24 18:31:00,Houston,South,47.05,Medium Value,Repeat Customer
CUST-1008,2,155.73,87.01,3,77.87,2.5,2025-09-03 21:56:00,2025-10-13 21:33:00,Houston,South,55.87,Medium Value,Repeat Customer
CUST-1009,6,480.98,229.03,10,80.16,5.0,2025-01-27 20:11:00,2025-10-19 15:48:00,Detroit,North,47.62,Medium Value,Repeat Customer
CUST-1010,1,168.83,71.05,2,168.83,5.0,2025-01-26 10:32:00,2025-01-26 10:32:00,Los Angeles,West,42.08,Medium Value,One-Time Customer
CUST-1011,28,2229.69,1164.85,54,79.63,8.93,2025-02-04 22:46:00,2025-12-27 20:26:00,Seattle,West,52.24,High Value,Repeat Customer
CUST-1012,8,804.28,511.49,28,100.54,3.75,2025-02-06 16:01:00,2025-11-18 20:54:00,Atlanta,South,63.6,Medium Value,Repeat Customer
CUST-1017,2,113.63,58.67,3,56.82,7.5,2025-05-31 14:18:00,2025-08-23 22:12:00,Seattle,West,51.63,Low Value,Repeat Customer
CUST-1018,2,98.26,58.25,4,49.13,7.5,2025-01-22 19:11:00,2025-11-13 14:04:00,Washington Dc,East,59.28,Low Value,Repeat Customer
CUST-1019,2,327.54,108.24,4,163.77,7.5,2025-03-06 15:18:00,2025-10-08 12:54:00,Dallas,South,33.05,Medium Value,Repeat Customer
CUST-1020,2,73.2,42.12,2,36.6,7.5,2025-02-10 16:09:00,2025-06-19 16:55:00,Houston,South,57.54,Low Value,Repeat Customer
CUST-1024,1,68.13,30.29,1,68.13,15.0,2025-06-29 10:21:00,2025-06-29 10:21:00,Washington Dc,East,44.46,Low Value,One-Time Customer
CUST-1025,2,451.78,178.68,4,225.89,12.5,2025-03-26 19:09:00,2025-04-11 15:05:00,Boston,East,39.55,Medium Value,Repeat Customer
CUST-1027,2,123.83,73.45,4,61.92,5.0,2025-06-23 22:24:00,2025-08-26 15:16:00,Omaha,Central,59.32,Low Value,Repeat Customer
CUST-1028,4,389.09,160.78,9,97.27,6.25,2025-01-26 11:09:00,2025-12-16 16:34:00,Seattle,West,41.32,Medium Value,Repeat Customer
CUST-1030,2,184.65,78.3,3,92.32,5.0,2025-01-11 10:16:00,2025-05-26 19:09:00,Omaha,Central,42.4,Medium Value,Repeat Customer
CUST-1032,1,32.08,18.77,1,32.08,5.0,2025-01-20 19:43:00,2025-01-20 19:43:00,Philadelphia,East,58.51,Low Value,One-Time Customer
CUST-1033,21,1776.67,821.98,37,84.6,6.67,2025-01-02 11:45:00,2025-12-30 18:21:00,Los Angeles,West,46.27,High Value,Repeat Customer
CUST-1034,31,2764.4,1366.96,64,89.17,6.77,2025-01-07 19:38:00,2025-12-30 14:45:00,San Francisco,West,49.45,High Value,Repeat Customer
CUST-1035,7,386.2,234.54,12,55.17,3.57,2025-03-07 13:24:00,2025-07-21 19:47:00,Los Angeles,West,60.73,Medium Value,Repeat Customer
CUST-1038,4,686.44,263.34,10,171.61,8.75,2025-03-02 17:12:00,2025-12-07 10:32:00,Kansas City,Central,38.36,Medium Value,Repeat Customer
CUST-1039,1,55.29,39.69,3,55.29,0.0,2025-06-28 12:16:00,2025-06-28 12:16:00,Houston,South,71.79,Low Value,One-Time Customer
CUST-1041,2,93.84,69.33,5,46.92,2.5,2025-05-03 11:05:00,2025-07-19 13:14:00,New York,East,73.88,Low Value,Repeat Customer
CUST-1043,11,1462.22,659.4,27,132.93,6.82,2025-01-19 12:05:00,2025-11-21 15:34:00,Washington Dc,East,45.1,High Value,Repeat Customer
CUST-1044,1,57.32,41.86,2,57.32,5.0,2025-01-12 12:28:00,2025-01-12 12:28:00,St. Louis,Central,73.03,Low Value,One-Time Customer
CUST-1045,6,352.35,238.66,15,58.72,4.17,2025-01-18 10:44:00,2025-12-15 13:04:00,Atlanta,South,67.73,Medium Value,Repeat Customer
CUST-1047,9,814.86,440.4,21,90.54,6.67,2025-01-13 14:47:00,2025-10-24 11:41:00,Houston,South,54.05,Medium Value,Repeat Customer
CUST-1048,5,212.42,130.41,7,42.48,10.0,2025-04-11 16:09:00,2025-12-05 17:27:00,Denver,West,61.39,Medium Value,Repeat Customer
CUST-1049,1,42.55,21.82,1,42.55,10.0,2025-11-29 12:31:00,2025-11-29 12:31:00,Washington Dc,East,51.28,Low Value,One-Time Customer
CUST-1050,28,2243.96,1033.01,48,80.14,7.5,2025-01-13 20:54:00,2025-12-25 16:39:00,Atlanta,South,46.04,High Value,Repeat Customer
CUST-1051,5,418.82,178.79,8,83.76,7.0,2025-02-07 08:44:00,2025-11-26 17:09:00,San Francisco,West,42.69,Medium Value,Repeat Customer
CUST-1052,24,2020.98,1077.91,44,84.21,3.54,2025-01-16 19:05:00,2025-12-22 21:10:00,San Francisco,West,53.34,High Value,Repeat Customer
CUST-1053,12,1327.71,512.75,18,110.64,2.92,2025-03-31 11:23:00,2025-12-26 22:20:00,San Francisco,West,38.62,High Value,Repeat Customer
CUST-1054,2,165.91,59.73,4,82.96,5.0,2025-08-17 11:38:00,2025-12-21 21:23:00,Kansas City,Central,36.0,Medium Value,Repeat Customer
CUST-1055,11,651.49,335.01,16,59.23,8.64,2025-01-02 18:06:00,2025-11-27 12:33:00,Atlanta,South,51.42,Medium Value,Repeat Customer
CUST-1057,1,62.78,45.24,2,62.78,0.0,2025-06-22 19:20:00,2025-06-22 19:20:00,New York,East,72.06,Low Value,One-Time Customer
CUST-1059,1,402.54,132.72,2,402.54,0.0,2025-04-24 10:46:00,2025-04-24 10:46:00,Los Angeles,West,32.97,Medium Value,One-Time Customer
CUST-1060,2,102.26,67.47,4,51.13,15.0,2025-08-31 22:44:00,2025-12-30 09:30:00,Seattle,West,65.98,Low Value,Repeat Customer
CUST-1061,1,118.33,68.77,4,118.33,5.0,2025-07-14 15:34:00,2025-07-14 15:34:00,Los Angeles,West,58.12,Low Value,One-Time Customer
CUST-1062,4,451.17,154.01,4,112.79,1.25,2025-02-14 09:20:00,2025-08-22 18:30:00,Houston,South,34.14,Medium Value,Repeat Customer
CUST-1063,2,88.43,58.24,3,44.22,2.5,2025-07-13 21:09:00,2025-12-29 19:04:00,Boston,East,65.86,Low Value,Repeat Customer
CUST-1064,2,126.74,78.34,4,63.37,2.5,2025-03-30 21:06:00,2025-06-10 17:43:00,Columbus,Central,61.81,Low Value,Repeat Customer
CUST-1065,1,154.85,40.12,1,154.85,0.0,2025-05-17 15:52:00,2025-05-17 15:52:00,Kansas City,Central,25.91,Medium Value,One-Time Customer
CUST-1067,7,875.57,385.85,13,125.08,2.14,2025-01-09 13:30:00,2025-10-21 15:54:00,Houston,South,44.07,Medium Value,Repeat Customer
CUST-1069,59,4818.65,2073.62,97,81.67,8.05,2025-01-10 18:34:00,2025-12-31 08:55:00,Los Angeles,West,43.03,High Value,Repeat Customer
CUST-1070,7,776.49,309.11,12,110.93,7.14,2025-03-15 18:21:00,2025-12-18 14:18:00,San Francisco,West,39.81,Medium Value,Repeat Customer
CUST-1073,9,977.45,528.89,22,108.61,5.56,2025-01-18 20:36:00,2025-11-02 20:42:00,San Francisco,West,54.11,High Value,Repeat Customer
CUST-1074,7,719.68,295.82,12,102.81,10.71,2025-01-11 20:06:00,2025-12-27 08:33:00,Los Angeles,West,41.1,Medium Value,Repeat Customer
CUST-1075,5,308.39,191.28,10,61.68,3.0,2025-01-06 11:43:00,2025-12-11 17:05:00,Boston,East,62.03,Medium Value,Repeat Customer
CUST-1076,7,477.38,240.62,16,68.2,7.86,2025-02-17 22:41:00,2025-11-09 13:56:00,Philadelphia,East,50.4,Medium Value,Repeat Customer
CUST-1080,8,686.71,302.61,12,85.84,4.38,2025-02-19 16:49:00,2025-12-30 14:38:00,Los Angeles,West,44.07,Medium Value,Repeat Customer
CUST-1081,4,454.53,240.84,9,113.63,2.5,2025-03-29 20:40:00,2025-11-20 21:41:00,Denver,West,52.99,Medium Value,Repeat Customer
CUST-1082,2,118.23,70.22,4,59.12,0.0,2025-07-31 08:54:00,2025-12-31 14:46:00,Washington Dc,East,59.39,Low Value,Repeat Customer
CUST-1084,1,50.37,28.65,2,50.37,15.0,2025-11-03 16:56:00,2025-11-03 16:56:00,Houston,South,56.88,Low Value,One-Time Customer
CUST-1086,2,72.84,42.27,2,36.42,5.0,2025-01-01 22:16:00,2025-03-06 22:38:00,Chicago,North,58.03,Low Value,Repeat Customer
CUST-1087,3,509.84,126.62,7,169.95,8.33,2025-06-08 20:41:00,2025-12-09 12:40:00,Atlanta,South,24.84,Medium Value,Repeat Customer
CUST-1088,13,1147.26,602.57,23,88.25,5.0,2025-01-08 13:05:00,2025-10-28 22:00:00,Los Angeles,West,52.52,High Value,Repeat Customer
CUST-1089,3,131.35,96.83,5,43.78,0.0,2025-03-14 21:54:00,2025-10-27 20:04:00,Columbus,Central,73.72,Low Value,Repeat Customer
CUST-1091,2,231.41,95.0,3,115.7,0.0,2025-09-24 15:36:00,2025-12-27 21:21:00,Dallas,South,41.05,Medium Value,Repeat Customer
CUST-1092,3,315.63,193.1,10,105.21,8.33,2025-01-20 16:14:00,2025-12-13 10:11:00,Seattle,West,61.18,Medium Value,Repeat Customer
CUST-1094,4,424.92,227.96,10,106.23,1.25,2025-03-22 08:34:00,2025-06-21 09:04:00,Boston,East,53.65,Medium Value,Repeat Customer
CUST-1095,2,93.77,57.94,3,46.88,0.0,2025-08-14 18:24:00,2025-11-02 22:05:00,Los Angeles,West,61.79,Low Value,Repeat Customer
CUST-1097,1,85.31,59.39,4,85.31,5.0,2025-10-20 13:17:00,2025-10-20 13:17:00,Houston,South,69.62,Low Value,One-Time Customer
CUST-1101,3,545.68,174.78,5,181.89,5.0,2025-06-24 12:39:00,2025-12-16 08:19:00,Chicago,North,32.03,Medium Value,Repeat Customer
CUST-1103,1,38.32,23.54,2,38.32,5.0,2025-10-16 20:34:00,2025-10-16 20:34:00,Chicago,North,61.43,Low Value,One-Time Customer
CUST-1104,14,1416.71,687.36,29,101.19,3.93,2025-03-15 20:48:00,2025-12-26 20:40:00,Los Angeles,West,48.52,High Value,Repeat Customer
CUST-1105,2,101.1,67.85,4,50.55,5.0,2025-02-11 14:42:00,2025-04-22 22:10:00,Houston,South,67.11,Low Value,Repeat Customer
CUST-1106,1,63.75,23.81,1,63.75,10.0,2025-12-20 10:27:00,2025-12-20 10:27:00,St. Louis,Central,37.35,Low Value,One-Time Customer
CUST-1107,5,616.29,243.33,10,123.26,2.0,2025-03-19 16:54:00,2025-09-29 14:31:00,Dallas,South,39.48,Medium Value,Repeat Customer
CUST-1111,1,50.44,29.87,1,50.44,0.0,2025-02-18 19:26:00,2025-02-18 19:26:00,Denver,West,59.22,Low Value,One-Time Customer
CUST-1112,21,1793.01,766.42,32,85.38,9.29,2025-01-06 11:43:00,2025-11-22 14:50:00,Columbus,Central,42.74,High Value,Repeat Customer
CUST-1113,4,472.49,257.22,12,118.12,5.0,2025-04-27 20:54:00,2025-06-30 14:21:00,Dallas,South,54.44,Medium Value,Repeat Customer
CUST-1114,2,74.49,45.17,2,37.24,7.5,2025-09-06 17:04:00,2025-09-10 13:08:00,New York,East,60.64,Low Value,Repeat Customer
CUST-1115,7,596.28,257.3,14,85.18,12.14,2025-05-16 10:44:00,2025-11-23 20:43:00,Los Angeles,West,43.15,Medium Value,Repeat Customer
CUST-1116,6,581.49,357.5,18,96.92,5.83,2025-03-19 20:44:00,2025-10-27 17:28:00,Denver,West,61.48,Medium Value,Repeat Customer
CUST-1117,1,60.51,38.28,3,60.51,0.0,2025-05-16 08:02:00,2025-05-16 08:02:00,Philadelphia,East,63.26,Low Value,One-Time Customer
CUST-1118,16,1399.26,682.01,23,87.45,3.12,2025-01-18 08:49:00,2025-12-03 13:47:00,Dallas,South,48.74,High Value,Repeat Customer
CUST-1119,1,105.32,23.57,1,105.32,15.0,2025-02-14 16:41:00,2025-02-14 16:41:00,New York,East,22.38,Low Value,One-Time Customer
CUST-1120,10,822.63,408.89,20,82.26,11.0,2025-01-24 20:09:00,2025-12-28 12:09:00,Los Angeles,West,49.71,Medium Value,Repeat Customer
CUST-1121,11,1225.87,554.76,20,111.44,5.0,2025-02-28 16:49:00,2025-11-22 12:46:00,Chicago,North,45.25,High Value,Repeat Customer
CUST-1125,1,99.6,57.12,6,99.6,20.0,2025-02-18 21:52:00,2025-02-18 21:52:00,Detroit,North,57.35,Low Value,One-Time Customer
CUST-1126,10,1072.85,495.14,20,107.28,8.5,2025-02-19 18:49:00,2025-11-29 13:10:00,Philadelphia,East,46.15,High Value,Repeat Customer
CUST-1127,12,1169.36,548.37,24,97.45,8.33,2025-01-01 18:25:00,2025-12-28 12:01:00,New York,East,46.89,High Value,Repeat Customer
CUST-1129,4,626.41,287.39,9,156.6,6.25,2025-01-16 13:19:00,2025-09-03 08:41:00,Minneapolis,North,45.88,Medium Value,Repeat Customer
CUST-1130,2,181.26,86.95,2,90.63,0.0,2025-02-24 11:49:00,2025-11-14 11:30:00,Philadelphia,East,47.97,Medium Value,Repeat Customer
CUST-1134,21,1616.83,718.42,34,76.99,6.19,2025-04-05 18:22:00,2025-12-26 22:01:00,Los Angeles,West,44.43,High Value,Repeat Customer
CUST-1135,1,23.85,17.56,1,23.85,0.0,2025-07-23 09:56:00,2025-07-23 09:56:00,Seattle,West,73.63,Low Value,One-Time Customer
CUST-1136,5,462.06,221.3,7,92.41,2.0,2025-01-16 08:38:00,2025-10-23 20:06:00,Atlanta,South,47.89,Medium Value,Repeat Customer
CUST-1137,3,284.2,155.34,6,94.73,5.0,2025-02-08 15:56:00,2025-11-09 14:51:00,San Francisco,West,54.66,Medium Value,Repeat Customer
CUST-1139,36,4497.16,1756.2,75,124.92,7.92,2025-01-24 17:47:00,2025-12-28 20:43:00,Minneapolis,North,39.05,High Value,Repeat Customer
CUST-1140,38,2817.42,1337.47,61,74.14,6.45,2025-01-13 13:12:00,2025-12-24 09:43:00,Chicago,North,47.47,High Value,Repeat Customer
CUST-1142,2,163.41,78.83,2,81.7,5.0,2025-04-13 12:11:00,2025-06-13 13:39:00,Seattle,West,48.24,Medium Value,Repeat Customer
CUST-1143,2,89.83,43.8,2,44.92,7.5,2025-09-26 15:46:00,2025-10-11 15:35:00,Los Angeles,West,48.76,Low Value,Repeat Customer
CUST-1144,2,288.5,102.71,3,144.25,7.5,2025-08-25 15:17:00,2025-12-21 19:46:00,Seattle,West,35.6,Medium Value,Repeat Customer
CUST-1146,4,474.97,234.82,9,118.74,6.25,2025-06-11 11:01:00,2025-08-03 11:46:00,New York,East,49.44,Medium Value,Repeat Customer
CUST-1147,3,613.31,303.78,8,204.44,15.0,2025-05-18 19:53:00,2025-12-28 21:23:00,Indianapolis,North,49.53,Medium Value,Repeat Customer
CUST-1149,3,112.63,62.19,4,37.54,15.0,2025-01-15 10:17:00,2025-10-12 21:09:00,New York,East,55.22,Low Value,Repeat Customer
CUST-1150,14,1366.04,646.54,27,97.57,5.36,2025-01-21 16:07:00,2025-12-27 09:42:00,Minneapolis,North,47.33,High Value,Repeat Customer
CUST-1153,1,24.29,18.17,1,24.29,5.0,2025-01-05 09:19:00,2025-01-05 09:19:00,Los Angeles,West,74.8,Low Value,One-Time Customer
CUST-1154,56,4254.94,2129.68,95,75.98,6.16,2025-01-01 13:45:00,2025-12-27 08:31:00,Columbus,Central,50.05,High Value,Repeat Customer
CUST-1156,3,292.72,150.63,5,97.57,1.67,2025-05-24 09:10:00,2025-09-02 22:47:00,Washington Dc,East,51.46,Medium Value,Repeat Customer
CUST-1157,4,330.93,166.5,6,82.73,0.0,2025-05-30 20:50:00,2025-12-07 17:34:00,New York,East,50.31,Medium Value,Repeat Customer
CUST-1159,1,60.26,20.96,1,60.26,10.0,2025-11-18 16:21:00,2025-11-18 16:21:00,Seattle,West,34.78,Low Value,One-Time Customer
CUST-1161,5,348.09,196.81,12,69.62,10.0,2025-04-02 09:14:00,2025-11-21 19:12:00,Dallas,South,56.54,Medium Value,Repeat Customer
CUST-1162,5,390.25,158.11,7,78.05,6.0,2025-07-29 08:08:00,2025-11-14 12:15:00,San Francisco,West,40.52,Medium Value,Repeat Customer
CUST-1163,1,134.33,50.45,2,134.33,15.0,2025-12-13 14:12:00,2025-12-13 14:12:00,Dallas,South,37.56,Low Value,One-Time Customer
CUST-1165,8,528.58,228.91,12,66.07,6.25,2025-02-28 17:51:00,2025-11-12 14:10:00,Philadelphia,East,43.31,Medium Value,Repeat Customer
CUST-1166,4,514.54,176.85,6,128.64,3.75,2025-06-28 13:31:00,2025-12-22 19:01:00,Houston,South,34.37,Medium Value,Repeat Customer
CUST-1170,6,711.26,296.93,11,118.54,5.0,2025-01-02 18:38:00,2025-11-22 16:26:00,Chicago,North,41.75,Medium Value,Repeat Customer
CUST-1172,1,22.62,16.3,1,22.62,10.0,2025-06-02 08:25:00,2025-06-02 08:25:00,Atlanta,South,72.06,Low Value,One-Time Customer
CUST-1174,3,197.41,114.58,9,65.8,6.67,2025-02-04 16:21:00,2025-10-08 17:31:00,Miami,South,58.04,Medium Value,Repeat Customer
CUST-1175,1,39.1,18.85,1,39.1,20.0,2025-01-07 10:25:00,2025-01-07 10:25:00,St. Louis,Central,48.21,Low Value,One-Time Customer
CUST-1176,4,860.8,289.05,8,215.2,8.75,2025-04-21 19:49:00,2025-11-29 11:27:00,Atlanta,South,33.58,Medium Value,Repeat Customer
CUST-1177,1,152.27,84.87,4,152.27,5.0,2025-05-07 12:18:00,2025-05-07 12:18:00,New York,East,55.74,Medium Value,One-Time Customer
CUST-1178,23,2254.86,1143.29,50,98.04,5.65,2025-01-02 20:43:00,2025-12-11 17:29:00,Denver,West,50.7,High Value,Repeat Customer
CUST-1179,1,17.83,12.11,1,17.83,5.0,2025-06-04 20:05:00,2025-06-04 20:05:00,San Francisco,West,67.92,Low Value,One-Time Customer
CUST-1180,1,29.21,21.99,1,29.21,0.0,2025-01-22 15:02:00,2025-01-22 15:02:00,Houston,South,75.28,Low Value,One-Time Customer
CUST-1182,16,1804.53,772.66,35,112.78,7.81,2025-01-14 20:29:00,2025-12-21 08:14:00,New York,East,42.82,High Value,Repeat Customer
CUST-1183,12,1211.84,562.0,27,100.99,5.42,2025-01-09 09:30:00,2025-12-22 10:42:00,New York,East,46.38,High Value,Repeat Customer
CUST-1185,6,645.04,205.46,8,107.51,8.33,2025-03-19 08:25:00,2025-12-11 17:01:00,Minneapolis,North,31.85,Medium Value,Repeat Customer
CUST-1186,9,745.4,415.05,20,82.82,2.78,2025-01-01 13:21:00,2025-11-03 10:28:00,Los Angeles,West,55.68,Medium Value,Repeat Customer
CUST-1187,2,276.83,107.5,3,138.42,5.0,2025-03-29 22:36:00,2025-06-07 09:40:00,New York,East,38.83,Medium Value,Repeat Customer
CUST-1188,3,106.32,71.88,5,35.44,3.33,2025-10-11 14:25:00,2025-12-23 13:10:00,New York,East,67.61,Low Value,Repeat Customer
CUST-1191,12,1382.38,602.07,27,115.2,8.33,2025-01-16 12:25:00,2025-12-08 19:04:00,Houston,South,43.55,High Value,Repeat Customer
CUST-1192,10,1228.38,548.86,24,122.84,8.0,2025-01-16 15:38:00,2025-12-18 10:46:00,Washington Dc,East,44.68,High Value,Repeat Customer
CUST-1193,3,424.92,226.46,8,141.64,3.33,2025-04-29 13:48:00,2025-08-13 13:05:00,Indianapolis,North,53.29,Medium Value,Repeat Customer
CUST-1194,1,57.3,39.56,2,57.3,5.0,2025-09-13 18:04:00,2025-09-13 18:04:00,Seattle,West,69.04,Low Value,One-Time Customer
CUST-1196,3,378.93,97.7,3,126.31,6.67,2025-04-07 18:53:00,2025-11-03 17:30:00,St. Louis,Central,25.78,Medium Value,Repeat Customer
CUST-1197,15,1408.53,639.86,26,93.9,5.0,2025-01-02 19:19:00,2025-12-05 22:17:00,Minneapolis,North,45.43,High Value,Repeat Customer
CUST-1198,10,884.37,375.06,15,88.44,2.5,2025-02-02 22:19:00,2025-09-07 22:19:00,Chicago,North,42.41,Medium Value,Repeat Customer
CUST-1199,9,832.7,343.01,11,92.52,5.0,2025-02-15 22:19:00,2025-12-13 10:17:00,Atlanta,South,41.19,Medium Value,Repeat Customer
CUST-1200,3,150.07,98.48,5,50.02,8.33,2025-02-01 14:37:00,2025-12-24 15:26:00,Atlanta,South,65.62,Medium Value,Repeat Customer
CUST-1203,8,1363.76,433.93,19,170.47,8.75,2025-03-07 16:13:00,2025-12-17 21:24:00,Atlanta,South,31.82,High Value,Repeat Customer
CUST-1204,3,210.71,78.02,3,70.24,6.67,2025-06-09 19:01:00,2025-11-04 22:42:00,Atlanta,South,37.03,Medium Value,Repeat Customer
CUST-1207,4,457.31,180.5,6,114.33,12.5,2025-01-05 16:30:00,2025-11-30 22:38:00,Seattle,West,39.47,Medium Value,Repeat Customer
CUST-1210,1,58.58,18.15,1,58.58,20.0,2025-05-04 08:39:00,2025-05-04 08:39:00,Chicago,North,30.98,Low Value,One-Time Customer
CUST-1211,4,282.42,89.26,4,70.6,16.25,2025-01-12 19:32:00,2025-11-24 10:31:00,Minneapolis,North,31.61,Medium Value,Repeat Customer
CUST-1212,7,766.8,322.9,11,109.54,2.86,2025-02-11 17:59:00,2025-10-11 12:18:00,Denver,West,42.11,Medium Value,Repeat Customer
CUST-1213,1,98.21,58.19,3,98.21,5.0,2025-06-11 15:34:00,2025-06-11 15:34:00,Indianapolis,North,59.25,Low Value,One-Time Customer
CUST-1214,5,455.53,164.85,8,91.11,13.0,2025-08-18 17:09:00,2025-12-07 17:33:00,Boston,East,36.19,Medium Value,Repeat Customer
CUST-1216,3,468.51,248.77,10,156.17,11.67,2025-05-28 18:23:00,2025-12-13 11:18:00,Dallas,South,53.1,Medium Value,Repeat Customer
CUST-1218,3,207.23,113.31,5,69.08,8.33,2025-05-30 21:15:00,2025-09-16 13:28:00,Chicago,North,54.68,Medium Value,Repeat Customer
CUST-1219,6,526.25,246.21,9,87.71,5.83,2025-01-11 17:41:00,2025-12-05 09:10:00,Los Angeles,West,46.79,Medium Value,Repeat Customer
CUST-1220,4,255.79,75.34,4,63.95,11.25,2025-01-13 16:21:00,2025-12-08 10:07:00,Omaha,Central,29.45,Medium Value,Repeat Customer
CUST-1221,2,150.63,75.07,4,75.32,20.0,2025-03-10 19:32:00,2025-11-21 15:50:00,Philadelphia,East,49.84,Medium Value,Repeat Customer
CUST-1224,1,100.16,60.76,2,100.16,0.0,2025-03-13 10:11:00,2025-03-13 10:11:00,New York,East,60.66,Low Value,One-Time Customer
CUST-1225,1,58.23,42.81,3,58.23,5.0,2025-09-28 18:23:00,2025-09-28 18:23:00,Atlanta,South,73.52,Low Value,One-Time Customer
CUST-1226,29,2785.12,1375.6,56,96.04,5.34,2025-01-05 17:31:00,2025-11-30 19:25:00,Los Angeles,West,49.39,High Value,Repeat Customer
CUST-1227,3,224.27,84.27,3,74.76,5.0,2025-08-11 13:53:00,2025-10-08 13:42:00,Columbus,Central,37.58,Medium Value,Repeat Customer
CUST-1228,11,802.1,383.98,20,72.92,4.09,2025-04-30 08:02:00,2025-12-20 17:16:00,Atlanta,South,47.87,Medium Value,Repeat Customer
CUST-1229,4,421.84,222.73,9,105.46,2.5,2025-04-29 19:55:00,2025-10-27 17:15:00,Los Angeles,West,52.8,Medium Value,Repeat Customer
CUST-1230,7,671.88,280.85,9,95.98,2.86,2025-01-14 20:57:00,2025-12-02 19:43:00,Houston,South,41.8,Medium Value,Repeat Customer
CUST-1231,1,54.94,32.06,2,54.94,10.0,2025-04-28 16:07:00,2025-04-28 16:07:00,Philadelphia,East,58.35,Low Value,One-Time Customer
CUST-1232,2,223.8,125.24,4,111.9,2.5,2025-03-12 17:48:00,2025-05-18 19:39:00,New York,East,55.96,Medium Value,Repeat Customer
CUST-1233,2,382.58,135.37,3,191.29,5.0,2025-07-15 13:42:00,2025-12-19 21:46:00,Omaha,Central,35.38,Medium Value,Repeat Customer
CUST-1235,4,520.84,161.44,6,130.21,6.25,2025-04-26 18:58:00,2025-10-03 22:52:00,Dallas,South,31.0,Medium Value,Repeat Customer
CUST-1238,4,203.51,126.97,8,50.88,8.75,2025-07-19 18:16:00,2025-10-14 19:16:00,Houston,South,62.39,Medium Value,Repeat Customer
CUST-1240,23,2423.79,1233.35,49,105.38,5.0,2025-01-12 12:54:00,2025-12-28 17:53:00,San Francisco,West,50.89,High Value,Repeat Customer
CUST-1241,30,2913.25,1271.14,60,97.11,7.17,2025-01-14 22:16:00,2025-12-30 12:00:00,Philadelphia,East,43.63,High Value,Repeat Customer
CUST-1242,11,755.98,348.01,15,68.73,5.91,2025-01-24 09:54:00,2025-12-16 17:12:00,Boston,East,46.03,Medium Value,Repeat Customer
CUST-1245,15,1810.81,835.94,37,120.72,5.67,2025-02-09 12:49:00,2025-12-20 17:36:00,Los Angeles,West,46.16,High Value,Repeat Customer
CUST-1246,6,594.17,245.98,11,99.03,7.5,2025-02-24 13:22:00,2025-12-24 15:58:00,Minneapolis,North,41.4,Medium Value,Repeat Customer
CUST-1247,32,3238.32,1399.6,58,101.2,7.19,2025-01-25 18:01:00,2025-12-22 08:23:00,Los Angeles,West,43.22,High Value,Repeat Customer
CUST-1248,28,2466.91,1203.48,50,88.1,5.89,2025-01-25 11:35:00,2025-12-18 10:06:00,Boston,East,48.78,High Value,Repeat Customer
CUST-1249,8,695.7,338.08,16,86.96,5.62,2025-04-13 19:47:00,2025-12-29 13:30:00,Minneapolis,North,48.6,Medium Value,Repeat Customer
CUST-1250,3,140.4,57.79,4,46.8,11.67,2025-02-21 19:27:00,2025-07-25 13:15:00,New York,East,41.16,Low Value,Repeat Customer
CUST-1251,1,47.02,34.92,2,47.02,10.0,2025-06-08 10:33:00,2025-06-08 10:33:00,New York,East,74.27,Low Value,One-Time Customer
CUST-1252,9,881.46,384.98,22,97.94,5.56,2025-04-23 21:53:00,2025-11-08 18:47:00,Houston,South,43.68,Medium Value,Repeat Customer
CUST-1254,2,97.49,48.05,2,48.74,2.5,2025-05-05 19:28:00,2025-06-07 19:50:00,San Francisco,West,49.29,Low Value,Repeat Customer
CUST-1255,1,66.3,45.36,3,66.3,0.0,2025-07-18 15:27:00,2025-07-18 15:27:00,Los Angeles,West,68.42,Low Value,One-Time Customer
CUST-1256,13,1080.27,524.29,26,83.1,8.85,2025-01-10 12:46:00,2025-11-26 16:48:00,New York,East,48.53,High Value,Repeat Customer
CUST-1257,1,50.98,32.12,2,50.98,15.0,2025-12-13 11:30:00,2025-12-13 11:30:00,New York,East,63.01,Low Value,One-Time Customer
CUST-1258,2,362.81,142.29,4,181.4,7.5,2025-04-09 19:00:00,2025-12-23 20:57:00,Los Angeles,West,39.22,Medium Value,Repeat Customer
CUST-1260,4,352.42,160.66,5,88.1,1.25,2025-01-17 18:16:00,2025-12-04 13:37:00,Minneapolis,North,45.59,Medium Value,Repeat Customer
CUST-1261,62,5397.15,2617.17,110,87.05,6.69,2025-01-12 09:10:00,2025-12-25 11:06:00,Boston,East,48.49,High Value,Repeat Customer
CUST-1263,3,126.8,74.1,3,42.27,6.67,2025-03-06 13:38:00,2025-12-10 14:59:00,New York,East,58.44,Low Value,Repeat Customer
CUST-1264,7,412.18,243.39,13,58.88,3.57,2025-01-19 18:19:00,2025-12-21 14:46:00,Chicago,North,59.05,Medium Value,Repeat Customer
CUST-1265,6,488.44,239.75,12,81.41,12.5,2025-01-03 22:53:00,2025-12-03 17:25:00,Seattle,West,49.08,Medium Value,Repeat Customer
CUST-1266,3,226.81,129.0,7,75.6,5.0,2025-04-16 11:27:00,2025-12-17 22:47:00,Houston,South,56.88,Medium Value,Repeat Customer
CUST-1267,4,419.28,246.46,10,104.82,1.25,2025-04-25 16:33:00,2025-12-01 09:18:00,Atlanta,South,58.78,Medium Value,Repeat Customer
CUST-1269,1,19.63,12.8,1,19.63,5.0,2025-04-17 08:03:00,2025-04-17 08:03:00,Miami,South,65.21,Low Value,One-Time Customer
CUST-1270,6,591.43,171.33,8,98.57,5.83,2025-01-17 11:05:00,2025-11-07 08:00:00,Seattle,West,28.97,Medium Value,Repeat Customer
CUST-1271,5,207.04,113.42,5,41.41,8.0,2025-01-19 16:16:00,2025-10-06 14:04:00,Boston,East,54.78,Medium Value,Repeat Customer
CUST-1272,6,393.14,170.59,7,65.52,8.33,2025-02-04 13:37:00,2025-11-19 21:46:00,Houston,South,43.39,Medium Value,Repeat Customer
CUST-1273,17,1665.17,682.57,26,97.95,5.88,2025-01-21 18:50:00,2025-12-25 21:50:00,Denver,West,40.99,High Value,Repeat Customer
CUST-1276,7,594.56,234.93,12,84.94,7.14,2025-01-21 16:56:00,2025-12-29 09:07:00,Atlanta,South,39.51,Medium Value,Repeat Customer
CUST-1277,8,526.82,252.83,12,65.85,7.5,2025-04-14 14:00:00,2025-12-10 16:49:00,New York,East,47.99,Medium Value,Repeat Customer
CUST-1278,7,480.28,216.71,10,68.61,7.14,2025-01-14 10:03:00,2025-11-27 14:40:00,Columbus,Central,45.12,Medium Value,Repeat Customer
CUST-1279,10,1068.25,402.31,18,106.82,6.5,2025-01-26 13:37:00,2025-12-14 18:47:00,Seattle,West,37.66,High Value,Repeat Customer
CUST-1280,11,788.34,393.77,15,71.67,3.18,2025-02-08 13:59:00,2025-11-29 15:27:00,Chicago,North,49.95,Medium Value,Repeat Customer
CUST-1282,2,201.76,100.21,5,100.88,2.5,2025-03-29 13:04:00,2025-06-04 10:48:00,New York,East,49.67,Medium Value,Repeat Customer
CUST-1283,1,26.75,15.08,1,26.75,15.0,2025-11-16 08:44:00,2025-11-16 08:44:00,Denver,West,56.37,Low Value,One-Time Customer
CUST-1284,4,414.59,133.71,5,103.65,7.5,2025-02-21 21:15:00,2025-11-21 12:25:00,Boston,East,32.25,Medium Value,Repeat Customer
CUST-1286,2,94.73,66.25,5,47.36,0.0,2025-03-30 14:53:00,2025-11-10 16:55:00,Detroit,North,69.94,Low Value,Repeat Customer
CUST-1287,2,143.76,82.83,3,71.88,2.5,2025-03-14 21:47:00,2025-03-28 19:52:00,Los Angeles,West,57.62,Medium Value,Repeat Customer
CUST-1288,1,167.33,77.85,4,167.33,10.0,2025-02-17 17:57:00,2025-02-17 17:57:00,San Francisco,West,46.52,Medium Value,One-Time Customer
CUST-1289,3,227.15,151.5,8,75.72,11.67,2025-07-05 17:28:00,2025-12-16 19:27:00,Dallas,South,66.7,Medium Value,Repeat Customer
CUST-1292,4,181.36,118.88,9,45.34,6.25,2025-05-01 16:02:00,2025-12-12 08:15:00,Houston,South,65.55,Medium Value,Repeat Customer
CUST-1293,2,267.75,114.34,6,133.88,0.0,2025-03-18 14:09:00,2025-10-30 19:15:00,Boston,East,42.7,Medium Value,Repeat Customer
CUST-1295,1,99.26,60.68,2,99.26,5.0,2025-08-05 22:35:00,2025-08-05 22:35:00,Seattle,West,61.13,Low Value,One-Time Customer
CUST-1296,7,800.69,329.29,11,114.38,2.14,2025-03-25 17:58:00,2025-12-07 08:32:00,Philadelphia,East,41.13,Medium Value,Repeat Customer
CUST-1297,1,48.83,27.67,1,48.83,5.0,2025-07-02 09:47:00,2025-07-02 09:47:00,Washington Dc,East,56.67,Low Value,One-Time Customer
CUST-1298,9,793.58,341.94,15,88.18,7.78,2025-01-31 20:24:00,2025-11-04 20:43:00,Seattle,West,43.09,Medium Value,Repeat Customer
CUST-1301,3,397.44,148.81,4,132.48,1.67,2025-01-20 22:17:00,2025-03-16 10:09:00,Boston,East,37.44,Medium Value,Repeat Customer
CUST-1302,3,334.2,166.09,7,111.4,6.67,2025-07-17 22:38:00,2025-12-23 20:06:00,Houston,South,49.7,Medium Value,Repeat Customer
CUST-1303,4,605.84,295.81,9,151.46,2.5,2025-04-04 18:14:00,2025-09-26 11:05:00,Los Angeles,West,48.83,Medium Value,Repeat Customer
CUST-1304,2,192.8,71.15,3,96.4,7.5,2025-05-23 15:18:00,2025-08-21 08:36:00,Seattle,West,36.9,Medium Value,Repeat Customer
CUST-1305,45,3313.33,1671.48,72,73.63,6.0,2025-01-06 15:07:00,2025-12-30 10:13:00,Miami,South,50.45,High Value,Repeat Customer
CUST-1306,1,64.1,43.36,2,64.1,10.0,2025-05-12 20:23:00,2025-05-12 20:23:00,San Francisco,West,67.64,Low Value,One-Time Customer
CUST-1308,8,1227.93,414.36,15,153.49,8.75,2025-04-06 21:19:00,2025-10-28 16:08:00,Atlanta,South,33.74,High Value,Repeat Customer
CUST-1310,1,43.12,27.02,1,43.12,0.0,2025-04-19 20:25:00,2025-04-19 20:25:00,Indianapolis,North,62.66,Low Value,One-Time Customer
CUST-1313,22,2033.4,931.39,38,92.43,7.27,2025-02-26 14:36:00,2025-12-01 22:20:00,Denver,West,45.8,High Value,Repeat Customer
CUST-1314,9,659.7,360.9,18,73.3,6.11,2025-01-02 14:43:00,2025-10-18 17:03:00,Los Angeles,West,54.71,Medium Value,Repeat Customer
CUST-1315,2,157.57,91.43,4,78.78,2.5,2025-01-27 19:35:00,2025-08-07 22:18:00,Houston,South,58.03,Medium Value,Repeat Customer
CUST-1316,2,103.44,60.0,2,51.72,2.5,2025-07-19 17:27:00,2025-09-22 15:39:00,New York,East,58.0,Low Value,Repeat Customer
CUST-1319,2,260.78,123.8,7,130.39,10.0,2025-08-11 09:55:00,2025-12-06 09:03:00,Denver,West,47.47,Medium Value,Repeat Customer
CUST-1320,3,359.88,132.82,5,119.96,8.33,2025-03-07 17:22:00,2025-11-21 20:40:00,Seattle,West,36.91,Medium Value,Repeat Customer
CUST-1321,5,501.9,234.33,10,100.38,12.0,2025-01-02 15:09:00,2025-12-24 10:36:00,New York,East,46.69,Medium Value,Repeat Customer
CUST-1322,2,83.72,50.85,3,41.86,7.5,2025-04-26 15:50:00,2025-06-21 13:51:00,Omaha,Central,60.74,Low Value,Repeat Customer
CUST-1324,21,1859.19,967.31,43,88.53,6.19,2025-02-02 16:32:00,2025-12-29 19:35:00,Columbus,Central,52.03,High Value,Repeat Customer
CUST-1325,11,1167.48,518.1,19,106.13,5.0,2025-03-08 12:39:00,2025-12-29 09:29:00,Los Angeles,West,44.38,High Value,Repeat Customer
CUST-1326,3,173.95,97.12,5,57.98,3.33,2025-05-16 10:04:00,2025-08-31 08:41:00,Washington Dc,East,55.83,Medium Value,Repeat Customer
CUST-1327,4,328.53,162.48,8,82.13,11.25,2025-02-16 09:07:00,2025-12-01 11:31:00,Houston,South,49.46,Medium Value,Repeat Customer
CUST-1328,2,109.19,72.72,5,54.6,10.0,2025-12-27 22:50:00,2025-12-31 19:20:00,Denver,West,66.6,Low Value,Repeat Customer
CUST-1329,1,17.52,12.26,1,17.52,15.0,2025-12-20 09:15:00,2025-12-20 09:15:00,New York,East,69.98,Low Value,One-Time Customer
CUST-1330,1,45.17,25.17,1,45.17,10.0,2025-10-23 16:15:00,2025-10-23 16:15:00,Houston,South,55.72,Low Value,One-Time Customer
CUST-1331,3,227.46,126.34,6,75.82,6.67,2025-01-11 17:16:00,2025-06-07 11:00:00,Chicago,North,55.54,Medium Value,Repeat Customer
CUST-1335,1,179.46,70.1,2,179.46,5.0,2025-06-29 12:30:00,2025-06-29 12:30:00,Denver,West,39.06,Medium Value,One-Time Customer
CUST-1336,8,1072.37,265.52,11,134.05,13.12,2025-02-26 19:19:00,2025-12-09 19:30:00,Minneapolis,North,24.76,High Value,Repeat Customer
CUST-1337,2,167.21,112.21,6,83.6,7.5,2025-06-28 18:15:00,2025-10-27 18:35:00,Los Angeles,West,67.11,Medium Value,Repeat Customer
CUST-1338,1,38.44,24.32,2,38.44,5.0,2025-03-27 16:04:00,2025-03-27 16:04:00,Houston,South,63.27,Low Value,One-Time Customer
CUST-1340,2,268.37,45.63,2,134.18,20.0,2025-12-14 13:27:00,2025-12-24 13:01:00,San Francisco,West,17.0,Medium Value,Repeat Customer
CUST-1341,1,199.44,13.32,2,199.44,20.0,2025-07-09 11:10:00,2025-07-09 11:10:00,Boston,East,6.68,Medium Value,One-Time Customer
CUST-1343,2,268.65,91.03,5,134.32,15.0,2025-04-20 19:55:00,2025-11-09 20:27:00,Miami,South,33.88,Medium Value,Repeat Customer
CUST-1344,1,50.35,30.44,1,50.35,0.0,2025-10-21 16:27:00,2025-10-21 16:27:00,New York,East,60.46,Low Value,One-Time Customer
CUST-1345,5,370.48,185.99,7,74.1,1.0,2025-03-16 13:25:00,2025-11-30 13:41:00,San Francisco,West,50.2,Medium Value,Repeat Customer
CUST-1346,2,238.64,160.5,8,119.32,5.0,2025-05-26 08:55:00,2025-12-05 22:10:00,New York,East,67.26,Medium Value,Repeat Customer
CUST-1348,1,33.87,19.62,1,33.87,5.0,2025-09-16 18:22:00,2025-09-16 18:22:00,New York,East,57.93,Low Value,One-Time Customer
CUST-1350,3,259.42,101.04,5,86.47,11.67,2025-08-10 09:08:00,2025-11-21 17:12:00,Miami,South,38.95,Medium Value,Repeat Customer
CUST-1351,9,542.5,283.37,12,60.28,5.56,2025-02-27 12:31:00,2025-11-15 22:08:00,Houston,South,52.23,Medium Value,Repeat Customer
CUST-1352,3,186.63,88.23,5,62.21,11.67,2025-08-06 14:01:00,2025-12-21 22:24:00,Los Angeles,West,47.28,Medium Value,Repeat Customer
CUST-1353,1,73.58,30.93,1,73.58,10.0,2025-10-06 11:04:00,2025-10-06 11:04:00,San Francisco,West,42.04,Low Value,One-Time Customer
CUST-1355,3,165.21,105.2,8,55.07,11.67,2025-01-20 18:11:00,2025-12-12 21:16:00,Atlanta,South,63.68,Medium Value,Repeat Customer
CUST-1356,1,27.15,16.26,1,27.15,5.0,2025-01-21 09:26:00,2025-01-21 09:26:00,Indianapolis,North,59.89,Low Value,One-Time Customer
CUST-1357,3,410.82,165.89,9,136.94,11.67,2025-02-03 13:07:00,2025-12-01 11:17:00,Dallas,South,40.38,Medium Value,Repeat Customer
CUST-1358,17,1560.14,623.34,30,91.77,6.76,2025-01-12 17:31:00,2025-12-29 17:53:00,New York,East,39.95,High Value,Repeat Customer
CUST-1359,9,978.7,463.99,14,108.74,3.89,2025-03-08 19:36:00,2025-11-15 16:59:00,Los Angeles,West,47.41,High Value,Repeat Customer
CUST-1361,3,204.78,79.24,4,68.26,13.33,2025-02-20 20:54:00,2025-11-22 20:38:00,Washington Dc,East,38.7,Medium Value,Repeat Customer
CUST-1362,1,145.86,17.65,1,145.86,10.0,2025-07-11 15:01:00,2025-07-11 15:01:00,Dallas,South,12.1,Medium Value,One-Time Customer
CUST-1363,1,38.79,21.7,1,38.79,0.0,2025-08-30 22:53:00,2025-08-30 22:53:00,San Francisco,West,55.94,Low Value,One-Time Customer
CUST-1364,15,1543.98,679.61,24,102.93,5.0,2025-01-24 13:45:00,2025-12-21 11:33:00,New York,East,44.02,High Value,Repeat Customer
CUST-1366,23,2427.7,1080.42,46,105.55,6.96,2025-01-29 13:45:00,2025-12-25 17:32:00,Washington Dc,East,44.5,High Value,Repeat Customer
CUST-1367,14,1097.39,547.92,23,78.39,2.86,2025-01-01 15:37:00,2025-12-29 10:57:00,Indianapolis,North,49.93,High Value,Repeat Customer
CUST-1373,4,523.2,234.73,12,130.8,15.0,2025-05-20 14:30:00,2025-11-30 16:54:00,San Francisco,West,44.86,Medium Value,Repeat Customer
CUST-1374,1,43.29,22.67,1,43.29,15.0,2025-08-05 12:29:00,2025-08-05 12:29:00,Houston,South,52.37,Low Value,One-Time Customer
CUST-1375,1,43.24,23.14,1,43.24,10.0,2025-10-29 21:11:00,2025-10-29 21:11:00,San Francisco,West,53.52,Low Value,One-Time Customer
CUST-1376,12,908.17,462.57,25,75.68,5.83,2025-02-04 08:00:00,2025-12-23 21:45:00,Atlanta,South,50.93,High Value,Repeat Customer
CUST-1378,11,930.64,486.93,22,84.6,8.64,2025-01-21 11:15:00,2025-12-30 08:17:00,Los Angeles,West,52.32,High Value,Repeat Customer
CUST-1381,9,1088.81,456.96,21,120.98,10.0,2025-02-08 22:44:00,2025-12-29 21:51:00,Houston,South,41.97,High Value,Repeat Customer
CUST-1382,3,127.94,76.02,4,42.65,1.67,2025-08-02 14:21:00,2025-10-28 09:55:00,Chicago,North,59.42,Low Value,Repeat Customer
CUST-1383,13,1117.72,600.94,30,85.98,7.31,2025-02-20 08:33:00,2025-12-28 16:26:00,Miami,South,53.76,High Value,Repeat Customer
CUST-1384,3,515.81,227.04,7,171.94,6.67,2025-02-12 13:26:00,2025-06-08 08:55:00,Los Angeles,West,44.02,Medium Value,Repeat Customer
CUST-1385,11,988.8,410.68,17,89.89,5.45,2025-03-01 21:31:00,2025-12-19 17:41:00,Kansas City,Central,41.53,High Value,Repeat Customer
CUST-1386,1,70.85,50.51,3,70.85,10.0,2025-12-21 12:26:00,2025-12-21 12:26:00,Denver,West,71.29,Low Value,One-Time Customer
CUST-1388,4,110.74,63.62,4,27.68,8.75,2025-08-31 12:16:00,2025-12-15 08:22:00,Seattle,West,57.45,Low Value,Repeat Customer
CUST-1389,6,704.23,310.77,10,117.37,6.67,2025-01-17 09:22:00,2025-12-16 19:54:00,Los Angeles,West,44.13,Medium Value,Repeat Customer
CUST-1390,53,4628.69,2199.78,97,87.33,6.6,2025-01-06 10:18:00,2025-12-30 10:55:00,Atlanta,South,47.52,High Value,Repeat Customer
CUST-1391,1,55.84,17.87,1,55.84,20.0,2025-10-02 15:18:00,2025-10-02 15:18:00,Denver,West,32.0,Low Value,One-Time Customer
CUST-1392,3,132.33,67.56,3,44.11,5.0,2025-04-30 08:00:00,2025-08-05 16:25:00,Los Angeles,West,51.05,Low Value,Repeat Customer
CUST-1393,7,649.75,297.35,14,92.82,7.14,2025-03-05 10:46:00,2025-11-21 18:28:00,Philadelphia,East,45.76,Medium Value,Repeat Customer
CUST-1395,13,1037.6,458.17,28,79.82,11.15,2025-01-07 16:17:00,2025-12-29 13:36:00,New York,East,44.16,High Value,Repeat Customer
CUST-1396,8,435.49,275.33,18,54.44,6.25,2025-01-30 15:40:00,2025-12-21 19:54:00,New York,East,63.22,Medium Value,Repeat Customer
CUST-1397,3,263.4,141.8,6,87.8,8.33,2025-09-18 17:31:00,2025-12-08 18:15:00,San Francisco,West,53.83,Medium Value,Repeat Customer
CUST-1398,6,460.53,241.19,8,76.76,4.17,2025-01-23 10:56:00,2025-12-07 22:11:00,Boston,East,52.37,Medium Value,Repeat Customer
CUST-1399,5,361.93,177.5,8,72.39,6.0,2025-03-25 20:50:00,2025-12-28 16:55:00,Dallas,South,49.04,Medium Value,Repeat Customer
CUST-1400,1,91.92,59.1,3,91.92,0.0,2025-09-10 18:21:00,2025-09-10 18:21:00,Omaha,Central,64.3,Low Value,One-Time Customer
CUST-1401,20,1606.4,877.81,41,80.32,5.75,2025-01-09 09:54:00,2025-11-25 12:42:00,Detroit,North,54.64,High Value,Repeat Customer
CUST-1402,1,73.68,54.96,4,73.68,5.0,2025-12-04 19:54:00,2025-12-04 19:54:00,New York,East,74.59,Low Value,One-Time Customer
CUST-1403,8,840.61,402.97,15,105.08,8.12,2025-04-07 19:57:00,2025-12-02 15:12:00,Chicago,North,47.94,Medium Value,Repeat Customer
CUST-1405,8,508.82,290.85,12,63.6,3.75,2025-01-14 16:25:00,2025-11-16 15:04:00,Kansas City,Central,57.16,Medium Value,Repeat Customer
CUST-1406,2,102.99,69.28,5,51.5,12.5,2025-05-26 09:55:00,2025-10-01 21:42:00,Atlanta,South,67.27,Low Value,Repeat Customer
CUST-1408,9,912.35,433.25,23,101.37,13.89,2025-07-10 10:43:00,2025-12-22 18:37:00,Miami,South,47.49,High Value,Repeat Customer
CUST-1409,1,21.26,14.25,1,21.26,10.0,2025-12-25 15:09:00,2025-12-25 15:09:00,Kansas City,Central,67.03,Low Value,One-Time Customer
CUST-1410,2,68.3,40.83,2,34.15,7.5,2025-06-09 22:11:00,2025-09-09 11:27:00,Seattle,West,59.78,Low Value,Repeat Customer
CUST-1411,17,1368.38,768.62,36,80.49,7.35,2025-01-13 16:47:00,2025-12-27 10:14:00,Seattle,West,56.17,High Value,Repeat Customer
CUST-1412,12,880.5,389.05,16,73.38,4.17,2025-01-04 11:38:00,2025-12-03 22:07:00,Chicago,North,44.19,Medium Value,Repeat Customer
CUST-1413,4,186.04,117.56,7,46.51,5.0,2025-06-27 20:14:00,2025-11-07 19:13:00,Omaha,Central,63.19,Medium Value,Repeat Customer
CUST-1414,1,87.13,45.13,2,87.13,5.0,2025-10-03 11:21:00,2025-10-03 11:21:00,Los Angeles,West,51.8,Low Value,One-Time Customer
CUST-1415,2,111.51,64.23,3,55.76,7.5,2025-10-21 11:43:00,2025-11-14 12:57:00,Miami,South,57.6,Low Value,Repeat Customer
CUST-1418,6,414.74,213.07,8,69.12,5.0,2025-01-29 12:51:00,2025-09-29 11:16:00,Denver,West,51.37,Medium Value,Repeat Customer
CUST-1419,2,79.43,43.07,3,39.72,12.5,2025-03-03 22:01:00,2025-06-09 14:20:00,Detroit,North,54.22,Low Value,Repeat Customer
CUST-1420,11,1051.29,414.16,16,95.57,6.36,2025-01-01 21:06:00,2025-12-14 13:51:00,Los Angeles,West,39.4,High Value,Repeat Customer
CUST-1421,14,1524.16,707.27,29,108.87,6.07,2025-02-10 12:57:00,2025-12-21 11:24:00,Boston,East,46.4,High Value,Repeat Customer
CUST-1425,2,111.92,40.34,2,55.96,15.0,2025-07-31 21:50:00,2025-11-27 22:01:00,New York,East,36.04,Low Value,Repeat Customer
CUST-1426,1,37.57,20.38,1,37.57,5.0,2025-07-04 22:49:00,2025-07-04 22:49:00,Miami,South,54.25,Low Value,One-Time Customer
CUST-1427,16,1360.86,651.87,28,85.05,5.62,2025-02-02 13:12:00,2025-12-14 17:35:00,Philadelphia,East,47.9,High Value,Repeat Customer
CUST-1428,3,257.05,148.82,6,85.68,0.0,2025-06-10 14:15:00,2025-06-28 22:12:00,Miami,South,57.9,Medium Value,Repeat Customer
CUST-1431,6,841.99,330.65,11,140.33,7.5,2025-02-09 11:52:00,2025-11-24 15:22:00,Chicago,North,39.27,Medium Value,Repeat Customer
CUST-1432,2,138.9,88.14,4,69.45,2.5,2025-09-02 10:25:00,2025-11-13 14:29:00,Denver,West,63.46,Low Value,Repeat Customer
CUST-1435,2,83.88,55.36,3,41.94,10.0,2025-01-02 13:02:00,2025-10-26 20:31:00,Philadelphia,East,66.0,Low Value,Repeat Customer
CUST-1437,5,450.5,140.46,6,90.1,3.0,2025-01-22 21:43:00,2025-08-29 08:46:00,Houston,South,31.18,Medium Value,Repeat Customer
CUST-1438,1,102.8,59.62,2,102.8,0.0,2025-03-04 22:25:00,2025-03-04 22:25:00,Minneapolis,North,58.0,Low Value,One-Time Customer
CUST-1441,50,4532.2,2067.43,83,90.64,7.9,2025-01-07 12:19:00,2025-12-29 17:21:00,Chicago,North,45.62,High Value,Repeat Customer
CUST-1443,2,118.77,70.34,3,59.38,2.5,2025-07-30 11:37:00,2025-10-16 09:51:00,Columbus,Central,59.22,Low Value,Repeat Customer
CUST-1444,6,540.97,296.25,12,90.16,4.17,2025-01-05 19:25:00,2025-12-17 13:09:00,San Francisco,West,54.76,Medium Value,Repeat Customer
CUST-1445,23,1801.99,850.87,33,78.35,6.52,2025-02-08 09:06:00,2025-12-31 12:22:00,Boston,East,47.22,High Value,Repeat Customer
CUST-1446,49,3457.18,1650.58,79,70.55,6.53,2025-01-06 15:03:00,2025-12-26 17:37:00,Minneapolis,North,47.74,High Value,Repeat Customer
CUST-1447,3,205.68,111.58,4,68.56,6.67,2025-06-15 20:49:00,2025-12-16 20:33:00,San Francisco,West,54.25,Medium Value,Repeat Customer
CUST-1448,1,55.89,32.83,2,55.89,10.0,2025-12-28 16:04:00,2025-12-28 16:04:00,Philadelphia,East,58.74,Low Value,One-Time Customer
CUST-1450,9,729.38,395.56,22,81.04,7.22,2025-03-08 20:27:00,2025-12-15 17:52:00,Detroit,North,54.23,Medium Value,Repeat Customer
CUST-1451,1,48.73,36.79,2,48.73,5.0,2025-07-27 15:25:00,2025-07-27 15:25:00,Denver,West,75.5,Low Value,One-Time Customer
CUST-1452,2,269.48,83.5,3,134.74,7.5,2025-08-16 08:22:00,2025-08-29 17:30:00,Los Angeles,West,30.99,Medium Value,Repeat Customer
CUST-1453,14,900.27,451.05,24,64.3,9.29,2025-02-08 21:46:00,2025-12-13 09:09:00,San Francisco,West,50.1,High Value,Repeat Customer
CUST-1456,1,59.37,44.28,3,59.37,5.0,2025-08-02 17:34:00,2025-08-02 17:34:00,Boston,East,74.58,Low Value,One-Time Customer
CUST-1457,1,39.66,26.71,1,39.66,0.0,2025-09-29 09:40:00,2025-09-29 09:40:00,New York,East,67.35,Low Value,One-Time Customer
CUST-1460,1,90.95,34.46,1,90.95,0.0,2025-08-04 11:51:00,2025-08-04 11:51:00,Seattle,West,37.89,Low Value,One-Time Customer
CUST-1461,3,115.1,76.38,4,38.37,10.0,2025-05-03 15:20:00,2025-12-27 11:44:00,Philadelphia,East,66.36,Low Value,Repeat Customer
CUST-1462,3,160.03,100.28,6,53.34,8.33,2025-04-09 10:16:00,2025-09-11 17:03:00,Denver,West,62.66,Medium Value,Repeat Customer
CUST-1463,2,71.47,43.09,2,35.74,5.0,2025-01-16 21:31:00,2025-05-20 20:46:00,New York,East,60.29,Low Value,Repeat Customer
CUST-1464,23,1963.24,883.04,37,85.36,6.09,2025-01-02 10:36:00,2025-11-27 12:19:00,Philadelphia,East,44.98,High Value,Repeat Customer
CUST-1465,1,37.74,18.58,1,37.74,10.0,2025-12-21 15:47:00,2025-12-21 15:47:00,Washington Dc,East,49.23,Low Value,One-Time Customer
CUST-1466,1,59.76,45.54,2,59.76,0.0,2025-03-17 14:26:00,2025-03-17 14:26:00,Philadelphia,East,76.2,Low Value,One-Time Customer
CUST-1467,12,899.42,328.67,14,74.95,7.5,2025-01-02 21:05:00,2025-12-08 17:01:00,Los Angeles,West,36.54,High Value,Repeat Customer
CUST-1469,20,1337.7,704.87,38,66.89,5.25,2025-01-10 19:51:00,2025-12-24 13:08:00,Boston,East,52.69,High Value,Repeat Customer
CUST-1471,30,2485.02,1060.61,44,82.83,6.0,2025-02-13 21:56:00,2025-11-17 17:34:00,Dallas,South,42.68,High Value,Repeat Customer
CUST-1473,18,1483.14,779.31,29,82.4,5.0,2025-01-14 18:35:00,2025-11-23 20:41:00,Los Angeles,West,52.54,High Value,Repeat Customer
CUST-1474,1,25.26,16.24,1,25.26,0.0,2025-07-05 17:22:00,2025-07-05 17:22:00,St. Louis,Central,64.29,Low Value,One-Time Customer
CUST-1475,92,8879.81,4032.47,165,96.52,7.61,2025-01-11 17:29:00,2025-12-28 08:46:00,Philadelphia,East,45.41,High Value,Repeat Customer
CUST-1477,3,139.65,68.24,3,46.55,5.0,2025-04-17 21:44:00,2025-05-20 17:37:00,New York,East,48.87,Low Value,Repeat Customer
CUST-1478,26,2277.55,1224.44,57,87.6,5.77,2025-01-06 22:14:00,2025-12-24 11:51:00,Washington Dc,East,53.76,High Value,Repeat Customer
CUST-1480,1,49.74,30.47,1,49.74,0.0,2025-12-22 17:47:00,2025-12-22 17:47:00,Atlanta,South,61.26,Low Value,One-Time Customer
CUST-1481,3,254.24,95.92,4,84.75,11.67,2025-01-16 17:41:00,2025-12-22 16:47:00,Dallas,South,37.73,Medium Value,Repeat Customer
CUST-1482,2,164.72,70.69,2,82.36,10.0,2025-01-24 19:12:00,2025-01-29 13:57:00,New York,East,42.92,Medium Value,Repeat Customer
CUST-1483,8,705.3,401.53,20,88.16,4.38,2025-02-11 17:20:00,2025-09-27 21:14:00,Chicago,North,56.93,Medium Value,Repeat Customer
CUST-1484,3,327.6,118.1,4,109.2,8.33,2025-01-27 14:39:00,2025-09-11 10:42:00,Indianapolis,North,36.05,Medium Value,Repeat Customer
CUST-1485,19,2059.85,940.52,45,108.41,8.95,2025-01-03 09:48:00,2025-12-26 11:20:00,Atlanta,South,45.66,High Value,Repeat Customer
CUST-1487,1,113.51,81.39,4,113.51,5.0,2025-11-29 14:53:00,2025-11-29 14:53:00,Miami,South,71.7,Low Value,One-Time Customer
CUST-1488,22,1836.2,869.62,35,83.46,6.59,2025-01-03 15:40:00,2025-12-23 14:19:00,New York,East,47.36,High Value,Repeat Customer
CUST-1489,12,1027.91,494.69,21,85.66,1.67,2025-01-21 14:24:00,2025-12-22 13:32:00,Houston,South,48.13,High Value,Repeat Customer
CUST-1490,1,18.71,11.77,1,18.71,5.0,2025-02-22 16:10:00,2025-02-22 16:10:00,Washington Dc,East,62.91,Low Value,One-Time Customer
CUST-1491,2,72.97,41.87,2,36.48,15.0,2025-11-23 15:14:00,2025-11-30 19:42:00,Atlanta,South,57.38,Low Value,Repeat Customer
CUST-1492,2,215.45,106.7,5,107.72,10.0,2025-05-17 12:37:00,2025-06-23 16:52:00,Houston,South,49.52,Medium Value,Repeat Customer
CUST-1495,1,38.64,22.28,1,38.64,0.0,2025-03-23 12:23:00,2025-03-23 12:23:00,Chicago,North,57.66,Low Value,One-Time Customer
CUST-1496,2,128.47,63.16,3,64.24,5.0,2025-02-28 22:57:00,2025-05-07 11:27:00,Houston,South,49.16,Low Value,Repeat Customer
CUST-1498,29,2505.66,1202.72,49,86.4,5.34,2025-01-07 10:18:00,2025-12-18 11:15:00,Detroit,North,48.0,High Value,Repeat Customer
CUST-1499,62,6546.8,2815.3,120,105.59,7.18,2025-01-01 16:41:00,2025-12-26 12:28:00,Miami,South,43.0,High Value,Repeat Customer
CUST-1500,5,511.49,317.47,14,102.3,9.0,2025-01-27 13:58:00,2025-03-28 18:21:00,Seattle,West,62.07,Medium Value,Repeat Customer
CUST-1501,3,263.74,102.8,4,87.91,5.0,2025-09-25 11:40:00,2025-11-19 08:13:00,Philadelphia,East,38.98,Medium Value,Repeat Customer
CUST-1503,5,532.36,255.35,7,106.47,1.0,2025-01-03 14:13:00,2025-10-11 09:44:00,Miami,South,47.97,Medium Value,Repeat Customer
CUST-1504,5,266.54,159.44,9,53.31,11.0,2025-07-05 15:43:00,2025-11-27 10:48:00,Kansas City,Central,59.82,Medium Value,Repeat Customer
CUST-1506,10,1291.37,527.83,15,129.14,6.5,2025-01-05 20:29:00,2025-12-20 08:48:00,Minneapolis,North,40.87,High Value,Repeat Customer
CUST-1507,10,831.16,408.15,17,83.12,4.0,2025-02-09 13:11:00,2025-10-03 16:09:00,Washington Dc,East,49.11,Medium Value,Repeat Customer
CUST-1508,17,1348.04,553.52,27,79.3,8.53,2025-01-12 13:46:00,2025-12-24 19:56:00,Detroit,North,41.06,High Value,Repeat Customer
CUST-1509,7,764.23,385.65,12,109.18,4.29,2025-02-12 20:00:00,2025-11-07 17:26:00,Dallas,South,50.46,Medium Value,Repeat Customer
CUST-1510,3,331.58,155.24,6,110.53,10.0,2025-04-24 22:31:00,2025-12-12 10:43:00,New York,East,46.82,Medium Value,Repeat Customer
CUST-1511,4,309.27,190.25,9,77.32,3.75,2025-05-24 16:59:00,2025-12-23 10:31:00,Denver,West,61.52,Medium Value,Repeat Customer
CUST-1512,13,827.98,492.01,24,63.69,6.15,2025-01-06 19:14:00,2025-12-23 11:33:00,New York,East,59.42,Medium Value,Repeat Customer
CUST-1513,6,612.3,212.18,8,102.05,5.0,2025-05-13 09:57:00,2025-12-12 22:10:00,Los Angeles,West,34.65,Medium Value,Repeat Customer
CUST-1516,2,185.52,117.32,5,92.76,5.0,2025-01-15 11:20:00,2025-08-27 16:43:00,Atlanta,South,63.24,Medium Value,Repeat Customer
CUST-1517,3,444.48,175.32,8,148.16,15.0,2025-04-29 12:17:00,2025-12-09 17:27:00,Dallas,South,39.44,Medium Value,Repeat Customer
CUST-1518,57,5535.28,2311.33,95,97.11,6.75,2025-01-02 20:49:00,2025-12-28 08:33:00,New York,East,41.76,High Value,Repeat Customer
CUST-1519,1,18.14,13.43,1,18.14,10.0,2025-10-22 13:10:00,2025-10-22 13:10:00,New York,East,74.04,Low Value,One-Time Customer
CUST-1522,22,1586.6,920.08,43,72.12,4.32,2025-02-05 11:28:00,2025-12-02 12:41:00,Philadelphia,East,57.99,High Value,Repeat Customer
CUST-1523,4,293.24,136.99,7,73.31,15.0,2025-01-10 13:33:00,2025-11-24 18:58:00,Miami,South,46.72,Medium Value,Repeat Customer
CUST-1524,3,336.78,137.18,4,112.26,0.0,2025-04-23 21:37:00,2025-08-28 17:30:00,San Francisco,West,40.73,Medium Value,Repeat Customer
CUST-1525,4,298.94,161.0,8,74.74,15.0,2025-02-03 20:58:00,2025-12-18 17:26:00,St. Louis,Central,53.86,Medium Value,Repeat Customer
CUST-1526,3,147.93,82.33,4,49.31,11.67,2025-05-12 21:14:00,2025-12-21 11:56:00,San Francisco,West,55.65,Medium Value,Repeat Customer
CUST-1527,2,103.58,56.95,3,51.79,5.0,2025-05-26 22:05:00,2025-09-03 09:20:00,Chicago,North,54.98,Low Value,Repeat Customer
CUST-1529,8,904.83,375.91,15,113.1,5.62,2025-02-07 15:59:00,2025-09-21 21:56:00,Chicago,North,41.54,High Value,Repeat Customer
CUST-1530,7,706.41,318.52,12,100.92,6.43,2025-02-13 13:05:00,2025-12-23 10:33:00,Atlanta,South,45.09,Medium Value,Repeat Customer
CUST-1531,780,69532.42,32564.45,1423,89.14,6.75,2025-01-02 13:01:00,2025-12-31 21:34:00,Chicago,North,46.83,High Value,Repeat Customer
CUST-1532,157,14402.21,6747.51,286,91.73,6.18,2025-01-03 15:10:00,2025-12-29 14:52:00,Philadelphia,East,46.85,High Value,Repeat Customer
CUST-1534,9,692.75,278.83,11,76.97,10.0,2025-01-07 17:49:00,2025-12-01 14:12:00,Detroit,North,40.25,Medium Value,Repeat Customer
CUST-1535,28,1903.22,901.97,47,67.97,8.57,2025-01-28 17:12:00,2025-12-13 17:55:00,Dallas,South,47.39,High Value,Repeat Customer
CUST-1536,7,401.04,186.07,8,57.29,5.0,2025-04-06 17:45:00,2025-12-11 22:04:00,New York,East,46.4,Medium Value,Repeat Customer
CUST-1538,3,308.36,118.89,4,102.79,6.67,2025-05-19 20:55:00,2025-10-25 14:10:00,Indianapolis,North,38.56,Medium Value,Repeat Customer
CUST-1540,34,2293.59,1067.93,46,67.46,6.76,2025-01-30 10:22:00,2025-12-22 12:44:00,Seattle,West,46.56,High Value,Repeat Customer
CUST-1541,6,501.04,276.33,11,83.51,8.33,2025-08-04 17:31:00,2025-12-21 09:09:00,Minneapolis,North,55.15,Medium Value,Repeat Customer
CUST-1542,2,131.17,93.39,7,65.58,5.0,2025-02-24 13:11:00,2025-10-12 10:22:00,Minneapolis,North,71.2,Low Value,Repeat Customer
CUST-1543,7,446.15,204.37,10,63.74,7.86,2025-06-02 18:56:00,2025-12-19 08:43:00,Dallas,South,45.81,Medium Value,Repeat Customer
CUST-1547,2,298.61,105.75,3,149.3,7.5,2025-02-04 11:16:00,2025-06-18 14:59:00,Dallas,South,35.41,Medium Value,Repeat Customer
CUST-1548,1,43.01,22.33,1,43.01,15.0,2025-07-03 11:34:00,2025-07-03 11:34:00,Philadelphia,East,51.92,Low Value,One-Time Customer
CUST-1549,5,558.28,190.94,10,111.66,12.0,2025-02-17 13:22:00,2025-09-30 08:27:00,Chicago,North,34.2,Medium Value,Repeat Customer
CUST-1550,3,225.77,106.8,6,75.26,3.33,2025-08-17 09:08:00,2025-12-28 17:58:00,Washington Dc,East,47.3,Medium Value,Repeat Customer
CUST-1551,5,425.2,167.16,7,85.04,6.0,2025-01-03 09:53:00,2025-11-04 18:29:00,Kansas City,Central,39.31,Medium Value,Repeat Customer
CUST-1553,2,115.44,59.41,3,57.72,7.5,2025-07-09 14:51:00,2025-08-01 18:07:00,Denver,West,51.46,Low Value,Repeat Customer
CUST-1554,16,1403.25,625.86,24,87.7,6.25,2025-01-27 08:05:00,2025-12-31 20:20:00,Los Angeles,West,44.6,High Value,Repeat Customer
CUST-1555,2,212.13,82.69,2,106.06,7.5,2025-09-26 09:34:00,2025-11-11 16:20:00,Indianapolis,North,38.98,Medium Value,Repeat Customer
CUST-1558,2,49.19,32.59,2,24.6,0.0,2025-08-25 19:21:00,2025-09-12 15:10:00,Boston,East,66.25,Low Value,Repeat Customer
CUST-1559,3,298.68,103.05,3,99.56,3.33,2025-08-19 09:55:00,2025-12-10 22:41:00,Indianapolis,North,34.5,Medium Value,Repeat Customer
CUST-1560,3,436.61,162.52,4,145.54,6.67,2025-05-06 18:07:00,2025-11-13 12:19:00,Chicago,North,37.22,Medium Value,Repeat Customer
CUST-1564,1,118.93,33.38,1,118.93,0.0,2025-03-30 13:28:00,2025-03-30 13:28:00,Philadelphia,East,28.07,Low Value,One-Time Customer
CUST-1565,1,57.25,36.82,1,57.25,0.0,2025-03-29 12:43:00,2025-03-29 12:43:00,Chicago,North,64.31,Low Value,One-Time Customer
CUST-1566,2,102.62,55.44,3,51.31,5.0,2025-08-16 11:00:00,2025-09-16 13:53:00,Indianapolis,North,54.02,Low Value,Repeat Customer
CUST-1568,11,908.76,472.24,19,82.61,5.91,2025-01-03 10:49:00,2025-11-20 11:57:00,Dallas,South,51.97,High Value,Repeat Customer
CUST-1570,2,160.79,64.36,2,80.4,2.5,2025-01-27 14:37:00,2025-05-13 19:59:00,Los Angeles,West,40.03,Medium Value,Repeat Customer
CUST-1571,5,463.53,173.11,5,92.71,3.0,2025-01-18 14:32:00,2025-11-30 13:04:00,San Francisco,West,37.35,Medium Value,Repeat Customer
CUST-1572,1,18.2,11.87,1,18.2,5.0,2025-08-03 22:26:00,2025-08-03 22:26:00,Los Angeles,West,65.22,Low Value,One-Time Customer
CUST-1573,2,83.0,45.73,2,41.5,12.5,2025-02-17 14:26:00,2025-08-29 12:12:00,New York,East,55.1,Low Value,Repeat Customer
CUST-1574,7,654.55,338.19,14,93.51,8.57,2025-01-11 12:00:00,2025-12-27 18:25:00,Los Angeles,West,51.67,Medium Value,Repeat Customer
CUST-1575,28,2121.87,1069.39,52,75.78,6.96,2025-01-09 20:55:00,2025-12-23 14:55:00,Atlanta,South,50.4,High Value,Repeat Customer
CUST-1577,14,2040.49,909.69,32,145.75,7.14,2025-01-26 10:11:00,2025-12-29 10:21:00,Seattle,West,44.58,High Value,Repeat Customer
CUST-1578,1,132.14,69.29,3,132.14,10.0,2025-12-19 17:29:00,2025-12-19 17:29:00,New York,East,52.44,Low Value,One-Time Customer
CUST-1579,1,151.22,74.41,1,151.22,0.0,2025-10-15 13:31:00,2025-10-15 13:31:00,Seattle,West,49.21,Medium Value,One-Time Customer
CUST-1580,1,18.58,13.73,1,18.58,10.0,2025-07-19 19:18:00,2025-07-19 19:18:00,San Francisco,West,73.9,Low Value,One-Time Customer
CUST-1581,44,4240.98,1816.78,84,96.39,6.93,2025-01-18 20:22:00,2025-12-25 19:25:00,San Francisco,West,42.84,High Value,Repeat Customer
CUST-1582,1,60.06,42.56,2,60.06,0.0,2025-07-16 16:33:00,2025-07-16 16:33:00,Kansas City,Central,70.86,Low Value,One-Time Customer
CUST-1584,3,430.77,208.35,8,143.59,5.0,2025-01-30 22:15:00,2025-11-21 20:01:00,Miami,South,48.37,Medium Value,Repeat Customer
CUST-1585,1,68.52,48.3,3,68.52,0.0,2025-01-11 10:30:00,2025-01-11 10:30:00,Philadelphia,East,70.49,Low Value,One-Time Customer
CUST-1588,1,28.29,19.74,1,28.29,5.0,2025-12-30 16:46:00,2025-12-30 16:46:00,Los Angeles,West,69.78,Low Value,One-Time Customer
CUST-1590,1,33.17,20.5,1,33.17,15.0,2025-09-16 12:51:00,2025-09-16 12:51:00,Dallas,South,61.8,Low Value,One-Time Customer
CUST-1591,1,18.89,13.72,1,18.89,10.0,2025-09-03 10:23:00,2025-09-03 10:23:00,Houston,South,72.63,Low Value,One-Time Customer
CUST-1594,17,1713.1,655.87,24,100.77,6.47,2025-01-27 17:17:00,2025-12-27 15:15:00,Denver,West,38.29,High Value,Repeat Customer
CUST-1595,1,44.36,23.94,1,44.36,5.0,2025-05-20 15:58:00,2025-05-20 15:58:00,Dallas,South,53.97,Low Value,One-Time Customer
CUST-1596,2,234.74,69.92,2,117.37,5.0,2025-04-01 22:26:00,2025-05-24 17:03:00,Houston,South,29.79,Medium Value,Repeat Customer
CUST-1597,1,62.79,47.52,3,62.79,0.0,2025-07-18 10:39:00,2025-07-18 10:39:00,Chicago,North,75.68,Low Value,One-Time Customer
CUST-1605,2,101.24,51.21,2,50.62,10.0,2025-07-04 12:21:00,2025-12-19 10:00:00,Philadelphia,East,50.58,Low Value,Repeat Customer
CUST-1606,1,54.04,31.22,1,54.04,5.0,2025-09-01 15:57:00,2025-09-01 15:57:00,Dallas,South,57.77,Low Value,One-Time Customer
CUST-1607,1,554.47,138.31,3,554.47,10.0,2025-01-06 16:47:00,2025-01-06 16:47:00,Houston,South,24.94,Medium Value,One-Time Customer
CUST-1609,2,87.47,51.16,4,43.74,15.0,2025-04-22 18:34:00,2025-06-23 15:28:00,New York,East,58.49,Low Value,Repeat Customer
CUST-1611,5,657.82,318.76,10,131.56,3.0,2025-01-05 22:38:00,2025-12-28 19:42:00,Indianapolis,North,48.46,Medium Value,Repeat Customer
CUST-1612,9,1017.21,488.46,19,113.02,5.0,2025-02-12 08:57:00,2025-11-17 16:17:00,New York,East,48.02,High Value,Repeat Customer
CUST-1614,14,1063.45,579.98,32,75.96,5.36,2025-01-03 17:53:00,2025-12-26 12:28:00,New York,East,54.54,High Value,Repeat Customer
CUST-1615,18,1387.73,635.86,32,77.1,6.11,2025-01-16 20:10:00,2025-12-14 09:07:00,Omaha,Central,45.82,High Value,Repeat Customer
CUST-1618,15,1465.03,587.99,21,97.67,7.33,2025-02-21 16:20:00,2025-12-26 19:52:00,Chicago,North,40.14,High Value,Repeat Customer
CUST-1619,4,475.15,208.77,6,118.79,3.75,2025-06-17 19:39:00,2025-12-15 18:14:00,Dallas,South,43.94,Medium Value,Repeat Customer
CUST-1620,1,39.17,21.53,2,39.17,20.0,2025-08-24 17:44:00,2025-08-24 17:44:00,Houston,South,54.97,Low Value,One-Time Customer
CUST-1622,2,180.64,47.53,3,90.32,12.5,2025-09-11 09:26:00,2025-11-01 12:16:00,Seattle,West,26.31,Medium Value,Repeat Customer
CUST-1623,1,76.99,42.05,2,76.99,5.0,2025-12-29 21:01:00,2025-12-29 21:01:00,New York,East,54.62,Low Value,One-Time Customer
CUST-1624,4,367.9,195.42,9,91.98,5.0,2025-02-16 16:22:00,2025-12-19 19:42:00,Atlanta,South,53.12,Medium Value,Repeat Customer
CUST-1626,3,117.02,68.42,3,39.01,6.67,2025-02-22 08:54:00,2025-10-29 11:16:00,Detroit,North,58.47,Low Value,Repeat Customer
CUST-1627,8,1123.27,378.52,11,140.41,3.12,2025-05-09 17:33:00,2025-12-12 10:47:00,St. Louis,Central,33.7,High Value,Repeat Customer
CUST-1629,1,96.69,56.33,2,96.69,5.0,2025-07-02 13:43:00,2025-07-02 13:43:00,Denver,West,58.26,Low Value,One-Time Customer
CUST-1630,2,64.36,40.94,2,32.18,7.5,2025-06-26 16:52:00,2025-12-27 08:35:00,Philadelphia,East,63.61,Low Value,Repeat Customer
CUST-1631,6,641.43,244.41,8,106.9,5.0,2025-02-12 17:09:00,2025-12-21 15:48:00,San Francisco,West,38.1,Medium Value,Repeat Customer
CUST-1632,1,218.86,44.04,2,218.86,10.0,2025-04-09 10:35:00,2025-04-09 10:35:00,Columbus,Central,20.12,Medium Value,One-Time Customer
CUST-1633,1,29.88,20.7,1,29.88,0.0,2025-08-09 17:10:00,2025-08-09 17:10:00,Atlanta,South,69.28,Low Value,One-Time Customer
CUST-1635,3,283.56,131.34,5,94.52,10.0,2025-09-09 09:20:00,2025-12-04 12:52:00,Dallas,South,46.32,Medium Value,Repeat Customer
CUST-1636,2,69.8,38.2,3,34.9,15.0,2025-04-14 08:38:00,2025-09-13 10:33:00,Dallas,South,54.73,Low Value,Repeat Customer
CUST-1639,2,110.92,55.02,2,55.46,10.0,2025-03-01 17:05:00,2025-11-22 11:46:00,Houston,South,49.6,Low Value,Repeat Customer
CUST-1642,1,93.92,64.56,4,93.92,0.0,2025-02-25 22:56:00,2025-02-25 22:56:00,Seattle,West,68.74,Low Value,One-Time Customer
CUST-1643,2,314.86,171.85,5,157.43,0.0,2025-02-05 14:50:00,2025-10-06 09:14:00,San Francisco,West,54.58,Medium Value,Repeat Customer
CUST-1644,1,87.87,39.67,1,87.87,0.0,2025-01-10 12:56:00,2025-01-10 12:56:00,New York,East,45.15,Low Value,One-Time Customer
CUST-1645,9,512.42,243.93,13,56.94,13.89,2025-01-09 18:30:00,2025-12-29 17:28:00,Miami,South,47.6,Medium Value,Repeat Customer
CUST-1646,1,58.14,33.68,2,58.14,0.0,2025-09-18 16:47:00,2025-09-18 16:47:00,Atlanta,South,57.93,Low Value,One-Time Customer
CUST-1647,3,362.81,202.63,9,120.94,5.0,2025-01-15 16:51:00,2025-06-18 18:57:00,Houston,South,55.85,Medium Value,Repeat Customer
CUST-1648,8,752.86,361.67,18,94.11,8.12,2025-03-17 22:38:00,2025-12-31 11:10:00,Chicago,North,48.04,Medium Value,Repeat Customer
CUST-1649,3,211.63,94.71,4,70.54,11.67,2025-07-10 19:57:00,2025-11-06 09:38:00,Dallas,South,44.75,Medium Value,Repeat Customer
CUST-1651,1,395.69,154.61,3,395.69,10.0,2025-12-28 14:37:00,2025-12-28 14:37:00,Omaha,Central,39.07,Medium Value,One-Time Customer
CUST-1652,4,874.03,355.7,9,218.51,6.25,2025-03-14 12:33:00,2025-07-24 22:22:00,Boston,East,40.7,Medium Value,Repeat Customer
CUST-1653,2,123.65,63.18,2,61.82,5.0,2025-05-01 12:47:00,2025-09-02 09:26:00,Dallas,South,51.1,Low Value,Repeat Customer
CUST-1654,1,194.35,67.08,1,194.35,0.0,2025-03-18 15:26:00,2025-03-18 15:26:00,Philadelphia,East,34.52,Medium Value,One-Time Customer
CUST-1656,1,107.94,66.24,3,107.94,0.0,2025-04-12 09:08:00,2025-04-12 09:08:00,New York,East,61.37,Low Value,One-Time Customer
CUST-1657,1,37.44,19.09,1,37.44,10.0,2025-10-06 11:19:00,2025-10-06 11:19:00,Washington Dc,East,50.99,Low Value,One-Time Customer
CUST-1658,3,249.59,93.39,4,83.2,5.0,2025-06-09 15:33:00,2025-12-17 18:17:00,New York,East,37.42,Medium Value,Repeat Customer
CUST-1659,2,287.12,44.8,2,143.56,10.0,2025-05-10 14:18:00,2025-12-28 18:57:00,Dallas,South,15.6,Medium Value,Repeat Customer
CUST-1661,49,5013.79,2107.35,82,102.32,8.37,2025-01-15 11:11:00,2025-12-25 17:44:00,Denver,West,42.03,High Value,Repeat Customer
CUST-1662,1,38.82,26.27,1,38.82,0.0,2025-11-07 12:57:00,2025-11-07 12:57:00,Washington Dc,East,67.67,Low Value,One-Time Customer
CUST-1664,1,41.4,26.62,2,41.4,10.0,2025-07-11 14:10:00,2025-07-11 14:10:00,Washington Dc,East,64.3,Low Value,One-Time Customer
CUST-1671,8,432.91,202.19,10,54.11,8.75,2025-02-07 12:48:00,2025-12-10 17:23:00,Omaha,Central,46.7,Medium Value,Repeat Customer
CUST-1673,2,128.91,73.5,6,64.46,10.0,2025-05-09 19:06:00,2025-12-28 20:53:00,Los Angeles,West,57.02,Low Value,Repeat Customer
CUST-1674,1,234.7,61.92,2,234.7,0.0,2025-12-20 19:59:00,2025-12-20 19:59:00,Boston,East,26.38,Medium Value,One-Time Customer
CUST-1675,35,2690.29,1375.62,70,76.87,7.86,2025-01-06 22:22:00,2025-12-31 10:26:00,San Francisco,West,51.13,High Value,Repeat Customer
CUST-1677,1,39.14,28.88,2,39.14,0.0,2025-06-02 19:39:00,2025-06-02 19:39:00,Seattle,West,73.79,Low Value,One-Time Customer
CUST-1678,37,3138.03,1425.41,62,84.81,6.49,2025-01-19 17:49:00,2025-12-28 12:41:00,Indianapolis,North,45.42,High Value,Repeat Customer
CUST-1679,8,643.21,246.97,12,80.4,8.12,2025-04-23 16:13:00,2025-12-02 12:13:00,Seattle,West,38.4,Medium Value,Repeat Customer
CUST-1680,8,741.11,374.33,17,92.64,6.88,2025-02-03 14:15:00,2025-11-04 19:09:00,Atlanta,South,50.51,Medium Value,Repeat Customer
CUST-1683,5,149.32,93.79,6,29.86,5.0,2025-03-10 12:22:00,2025-12-29 18:49:00,Indianapolis,North,62.81,Medium Value,Repeat Customer
CUST-1684,14,1408.08,567.84,20,100.58,6.79,2025-01-02 15:19:00,2025-12-15 18:02:00,New York,East,40.33,High Value,Repeat Customer
CUST-1685,2,179.11,117.33,7,89.56,0.0,2025-08-05 19:06:00,2025-10-03 09:17:00,Columbus,Central,65.51,Medium Value,Repeat Customer
CUST-1686,2,171.2,80.94,2,85.6,10.0,2025-05-01 15:59:00,2025-06-21 19:06:00,New York,East,47.28,Medium Value,Repeat Customer
CUST-1688,6,565.12,249.21,10,94.19,7.5,2025-01-12 14:53:00,2025-11-23 15:58:00,Philadelphia,East,44.1,Medium Value,Repeat Customer
CUST-1689,1,153.25,110.77,6,153.25,10.0,2025-07-05 09:22:00,2025-07-05 09:22:00,Dallas,South,72.28,Medium Value,One-Time Customer
CUST-1691,1,85.46,48.06,2,85.46,15.0,2025-09-16 09:24:00,2025-09-16 09:24:00,Houston,South,56.24,Low Value,One-Time Customer
CUST-1692,2,56.23,40.63,2,28.12,0.0,2025-05-03 20:05:00,2025-07-04 22:30:00,Seattle,West,72.26,Low Value,Repeat Customer
CUST-1693,2,270.48,134.58,6,135.24,7.5,2025-05-25 20:18:00,2025-07-24 20:57:00,Dallas,South,49.76,Medium Value,Repeat Customer
CUST-1695,3,207.02,104.03,6,69.01,8.33,2025-05-16 22:40:00,2025-11-03 20:53:00,New York,East,50.25,Medium Value,Repeat Customer
CUST-1697,3,487.41,162.9,7,162.47,0.0,2025-02-03 16:30:00,2025-05-17 20:15:00,San Francisco,West,33.42,Medium Value,Repeat Customer
CUST-1699,1,40.51,21.41,1,40.51,0.0,2025-02-16 22:15:00,2025-02-16 22:15:00,Chicago,South,52.85,Low Value,One-Time Customer
CUST-1702,2,196.34,100.88,4,98.17,15.0,2025-01-05 14:52:00,2025-07-26 20:49:00,Philadelphia,East,51.38,Medium Value,Repeat Customer
CUST-1705,64,5902.03,2522.73,113,92.22,8.28,2025-01-20 13:25:00,2025-12-30 14:45:00,Detroit,North,42.74,High Value,Repeat Customer
CUST-1706,1,35.36,23.86,2,35.36,5.0,2025-10-05 18:00:00,2025-10-05 18:00:00,San Francisco,West,67.48,Low Value,One-Time Customer
CUST-1707,6,397.09,226.22,14,66.18,14.17,2025-01-11 10:25:00,2025-12-22 13:05:00,New York,East,56.97,Medium Value,Repeat Customer
CUST-1708,2,113.24,70.93,4,56.62,5.0,2025-08-07 08:01:00,2025-12-10 09:11:00,San Francisco,West,62.64,Low Value,Repeat Customer
CUST-1709,3,249.79,124.36,4,83.26,8.33,2025-06-03 08:16:00,2025-08-15 20:27:00,Denver,West,49.79,Medium Value,Repeat Customer
CUST-1710,2,77.2,53.79,3,38.6,0.0,2025-02-19 11:35:00,2025-06-11 16:18:00,Minneapolis,North,69.68,Low Value,Repeat Customer
CUST-1711,1,112.31,23.61,1,112.31,5.0,2025-07-02 21:03:00,2025-07-02 21:03:00,Denver,West,21.02,Low Value,One-Time Customer
CUST-1712,2,117.91,28.38,2,58.96,7.5,2025-01-27 16:04:00,2025-11-25 10:40:00,New York,East,24.07,Low Value,Repeat Customer
CUST-1714,1,172.02,113.1,6,172.02,0.0,2025-08-19 21:40:00,2025-08-19 21:40:00,Chicago,East,65.75,Medium Value,One-Time Customer
CUST-1715,19,1702.62,773.7,39,89.61,8.68,2025-01-20 11:53:00,2025-11-30 09:06:00,Kansas City,Central,45.44,High Value,Repeat Customer
CUST-1716,9,809.63,390.0,15,89.96,5.0,2025-01-01 10:44:00,2025-09-29 09:45:00,Chicago,North,48.17,Medium Value,Repeat Customer
CUST-1717,27,2510.91,1075.98,44,93.0,6.3,2025-01-03 13:20:00,2025-12-21 12:06:00,New York,East,42.85,High Value,Repeat Customer
CUST-1718,1,47.23,28.29,1,47.23,0.0,2025-03-30 09:26:00,2025-03-30 09:26:00,Los Angeles,West,59.9,Low Value,One-Time Customer
CUST-1719,7,490.45,304.54,16,70.06,5.0,2025-01-14 20:04:00,2025-12-26 16:16:00,Los Angeles,West,62.09,Medium Value,Repeat Customer
CUST-1720,19,1761.45,851.11,38,92.71,6.05,2025-03-22 21:58:00,2025-12-11 21:02:00,Los Angeles,West,48.32,High Value,Repeat Customer
CUST-1723,6,271.33,163.35,9,45.22,8.33,2025-01-19 18:44:00,2025-12-15 21:16:00,Dallas,South,60.2,Medium Value,Repeat Customer
CUST-1724,1,156.09,89.28,3,156.09,0.0,2025-02-27 17:58:00,2025-02-27 17:58:00,Seattle,West,57.2,Medium Value,One-Time Customer
CUST-1725,5,301.64,173.99,9,60.33,6.0,2025-02-20 10:07:00,2025-12-12 18:10:00,Atlanta,South,57.68,Medium Value,Repeat Customer
CUST-1727,3,187.26,108.4,4,62.42,1.67,2025-01-29 11:59:00,2025-03-24 15:40:00,St. Louis,Central,57.89,Medium Value,Repeat Customer
CUST-1731,8,929.12,473.76,22,116.14,4.38,2025-02-15 20:23:00,2025-12-21 08:16:00,San Francisco,West,50.99,High Value,Repeat Customer
CUST-1732,6,904.25,331.49,12,150.71,3.33,2025-02-09 08:40:00,2025-09-22 11:47:00,Miami,South,36.66,High Value,Repeat Customer
CUST-1733,1,20.22,15.01,1,20.22,0.0,2025-08-02 11:26:00,2025-08-02 11:26:00,Chicago,North,74.23,Low Value,One-Time Customer
CUST-1734,1,91.2,56.04,4,91.2,5.0,2025-05-29 22:53:00,2025-05-29 22:53:00,Los Angeles,West,61.45,Low Value,One-Time Customer
CUST-1735,10,1366.75,677.84,23,136.68,4.0,2025-02-08 15:50:00,2025-10-20 18:09:00,San Francisco,West,49.6,High Value,Repeat Customer
CUST-1736,1,63.18,44.97,3,63.18,5.0,2025-03-04 17:27:00,2025-03-04 17:27:00,Los Angeles,West,71.18,Low Value,One-Time Customer
CUST-1737,7,822.95,363.2,11,117.56,6.43,2025-01-10 09:30:00,2025-11-10 09:21:00,Indianapolis,North,44.13,Medium Value,Repeat Customer
CUST-1738,1,57.87,38.99,2,57.87,15.0,2025-12-14 22:29:00,2025-12-14 22:29:00,Seattle,West,67.38,Low Value,One-Time Customer
CUST-1739,3,360.12,182.57,6,120.04,6.67,2025-01-21 15:37:00,2025-12-19 19:29:00,Seattle,West,50.7,Medium Value,Repeat Customer
CUST-1740,3,289.25,107.44,4,96.42,8.33,2025-07-24 18:39:00,2025-12-17 21:13:00,Los Angeles,West,37.14,Medium Value,Repeat Customer
CUST-1742,4,325.34,130.39,7,81.33,10.0,2025-06-03 11:33:00,2025-11-20 16:10:00,San Francisco,West,40.08,Medium Value,Repeat Customer
CUST-1743,2,95.29,52.75,3,47.64,10.0,2025-01-24 10:32:00,2025-03-14 14:28:00,Washington Dc,East,55.36,Low Value,Repeat Customer
CUST-1745,9,763.97,340.21,17,84.89,9.44,2025-03-07 09:17:00,2025-12-19 14:41:00,New York,East,44.53,Medium Value,Repeat Customer
CUST-1746,2,59.74,34.75,2,29.87,10.0,2025-01-05 21:06:00,2025-12-30 11:08:00,Minneapolis,North,58.17,Low Value,Repeat Customer
CUST-1747,4,581.85,221.98,8,145.46,1.25,2025-04-12 19:09:00,2025-09-20 20:13:00,Dallas,South,38.15,Medium Value,Repeat Customer
CUST-1748,12,890.37,454.54,18,74.2,5.83,2025-01-10 17:51:00,2025-12-09 09:59:00,Dallas,South,51.05,Medium Value,Repeat Customer
CUST-1749,4,339.93,129.14,6,84.98,6.25,2025-03-10 20:29:00,2025-09-09 22:49:00,Minneapolis,North,37.99,Medium Value,Repeat Customer
CUST-1751,13,1307.77,571.78,25,100.6,6.15,2025-02-18 17:15:00,2025-12-29 14:13:00,Detroit,North,43.72,High Value,Repeat Customer
CUST-1752,7,867.23,280.19,12,123.89,5.0,2025-04-11 08:34:00,2025-12-02 18:07:00,Seattle,West,32.31,Medium Value,Repeat Customer
CUST-1753,1,88.5,65.73,3,88.5,0.0,2025-07-20 17:25:00,2025-07-20 17:25:00,St. Louis,Central,74.27,Low Value,One-Time Customer
CUST-1755,3,142.38,73.81,4,47.46,5.0,2025-09-29 17:41:00,2025-11-12 13:50:00,St. Louis,Central,51.84,Medium Value,Repeat Customer
CUST-1756,4,272.12,114.54,6,68.03,3.75,2025-02-26 20:34:00,2025-11-26 15:23:00,Boston,East,42.09,Medium Value,Repeat Customer
CUST-1757,4,446.0,223.34,8,111.5,7.5,2025-04-18 22:58:00,2025-10-10 14:55:00,Miami,South,50.08,Medium Value,Repeat Customer
CUST-1758,18,1783.25,999.66,44,99.07,3.61,2025-01-24 20:59:00,2025-11-11 16:51:00,Minneapolis,North,56.06,High Value,Repeat Customer
CUST-1759,9,621.89,316.39,13,69.1,4.44,2025-01-25 09:25:00,2025-12-13 11:55:00,New York,East,50.88,Medium Value,Repeat Customer
CUST-1760,1,178.52,50.5,1,178.52,10.0,2025-05-01 12:57:00,2025-05-01 12:57:00,Seattle,West,28.29,Medium Value,One-Time Customer
CUST-1762,1,137.2,76.6,3,137.2,5.0,2025-05-12 08:21:00,2025-05-12 08:21:00,Chicago,North,55.83,Low Value,One-Time Customer
CUST-1763,5,540.75,229.31,7,108.15,0.0,2025-02-21 22:19:00,2025-10-15 18:00:00,Minneapolis,North,42.41,Medium Value,Repeat Customer
CUST-1765,1,122.61,66.45,3,122.61,0.0,2025-03-02 21:04:00,2025-03-02 21:04:00,Miami,South,54.2,Low Value,One-Time Customer
CUST-1766,5,245.22,165.59,8,49.04,1.0,2025-01-23 13:48:00,2025-11-17 12:13:00,Atlanta,South,67.53,Medium Value,Repeat Customer
CUST-1767,15,1163.62,559.09,27,77.57,7.67,2025-01-19 20:19:00,2025-12-26 16:18:00,Atlanta,South,48.05,High Value,Repeat Customer
CUST-1768,1,101.49,61.14,3,101.49,0.0,2025-10-22 11:38:00,2025-10-22 11:38:00,Seattle,West,60.24,Low Value,One-Time Customer
CUST-1769,10,710.6,357.72,19,71.06,9.0,2025-01-07 16:18:00,2025-12-26 12:41:00,Kansas City,Central,50.34,Medium Value,Repeat Customer
CUST-1771,10,687.83,341.37,15,68.78,8.0,2025-02-26 17:35:00,2025-12-22 19:17:00,Denver,West,49.63,Medium Value,Repeat Customer
CUST-1773,1,69.56,41.14,2,69.56,15.0,2025-11-28 21:43:00,2025-11-28 21:43:00,New York,East,59.14,Low Value,One-Time Customer
CUST-1774,4,640.59,178.26,6,160.15,7.5,2025-03-08 08:02:00,2025-12-09 14:05:00,Houston,South,27.83,Medium Value,Repeat Customer
CUST-1775,2,215.53,104.2,4,107.76,7.5,2025-05-18 11:59:00,2025-06-16 20:14:00,Washington Dc,East,48.35,Medium Value,Repeat Customer
CUST-1777,6,535.17,223.72,10,89.2,8.33,2025-02-27 21:46:00,2025-11-21 15:47:00,Philadelphia,East,41.8,Medium Value,Repeat Customer
CUST-1778,3,65.96,41.57,3,21.99,15.0,2025-05-12 15:57:00,2025-12-19 16:28:00,Dallas,South,63.02,Low Value,Repeat Customer
CUST-1779,1,47.87,25.42,1,47.87,0.0,2025-09-06 09:33:00,2025-09-06 09:33:00,Washington Dc,East,53.1,Low Value,One-Time Customer
CUST-1780,1,18.42,13.56,1,18.42,10.0,2025-12-04 18:41:00,2025-12-04 18:41:00,Indianapolis,North,73.62,Low Value,One-Time Customer
CUST-1781,3,254.44,118.06,3,84.81,3.33,2025-07-16 15:26:00,2025-11-01 17:28:00,Denver,West,46.4,Medium Value,Repeat Customer
CUST-1783,1,141.36,51.92,2,141.36,15.0,2025-10-12 17:26:00,2025-10-12 17:26:00,New York,East,36.73,Low Value,One-Time Customer
CUST-1784,1,90.91,46.75,2,90.91,20.0,2025-06-16 20:01:00,2025-06-16 20:01:00,Philadelphia,East,51.42,Low Value,One-Time Customer
CUST-1785,11,1013.51,497.69,21,92.14,8.18,2025-03-02 13:12:00,2025-12-20 20:29:00,Washington Dc,East,49.11,High Value,Repeat Customer
CUST-1786,3,136.64,74.38,4,45.55,8.33,2025-04-09 11:22:00,2025-12-19 10:14:00,Minneapolis,North,54.44,Low Value,Repeat Customer
CUST-1788,2,64.56,44.5,2,32.28,0.0,2025-06-03 10:13:00,2025-09-21 17:32:00,Atlanta,South,68.93,Low Value,Repeat Customer
CUST-1789,17,1811.71,828.49,33,106.57,5.88,2025-02-22 18:37:00,2025-11-30 15:11:00,Los Angeles,West,45.73,High Value,Repeat Customer
CUST-1791,4,147.86,89.27,4,36.97,2.5,2025-04-08 15:57:00,2025-12-21 18:26:00,Seattle,West,60.37,Medium Value,Repeat Customer
CUST-1792,1,64.53,11.75,1,64.53,30.0,2025-11-17 20:58:00,2025-11-17 20:58:00,Boston,East,18.21,Low Value,One-Time Customer
CUST-1793,1,28.98,18.98,1,28.98,0.0,2025-06-18 14:10:00,2025-06-18 14:10:00,Boston,East,65.49,Low Value,One-Time Customer
CUST-1795,7,776.55,332.13,10,110.94,8.57,2025-01-27 09:17:00,2025-12-11 15:33:00,Seattle,West,42.77,Medium Value,Repeat Customer
CUST-1796,21,2016.8,789.09,35,96.04,7.62,2025-02-17 14:27:00,2025-12-31 09:39:00,Atlanta,South,39.13,High Value,Repeat Customer
CUST-1797,1,88.44,63.08,4,88.44,0.0,2025-07-29 19:30:00,2025-07-29 19:30:00,New York,East,71.33,Low Value,One-Time Customer
CUST-1798,2,95.2,53.34,2,47.6,5.0,2025-10-20 09:54:00,2025-11-13 18:48:00,Atlanta,South,56.03,Low Value,Repeat Customer
CUST-1799,12,965.31,393.2,20,80.44,11.25,2025-01-12 18:28:00,2025-12-20 14:05:00,Indianapolis,North,40.73,High Value,Repeat Customer
CUST-1800,6,584.92,271.64,11,97.49,5.83,2025-01-19 08:51:00,2025-12-13 08:03:00,Washington Dc,East,46.44,Medium Value,Repeat Customer
CUST-1802,2,327.75,167.96,7,163.88,0.0,2025-10-07 13:29:00,2025-12-07 22:20:00,Los Angeles,West,51.25,Medium Value,Repeat Customer
CUST-1803,2,321.93,125.89,5,160.96,0.0,2025-05-02 18:18:00,2025-10-02 20:31:00,Miami,South,39.1,Medium Value,Repeat Customer
CUST-1804,1,275.7,102.6,3,275.7,0.0,2025-04-25 19:16:00,2025-04-25 19:16:00,Chicago,North,37.21,Medium Value,One-Time Customer
CUST-1805,5,647.58,261.76,6,129.52,4.0,2025-02-08 13:39:00,2025-11-24 12:39:00,Boston,East,40.42,Medium Value,Repeat Customer
CUST-1806,17,1614.91,736.45,32,94.99,7.06,2025-01-17 10:07:00,2025-12-17 13:46:00,Chicago,North,45.6,High Value,Repeat Customer
CUST-1807,12,1034.34,453.08,23,86.2,9.17,2025-02-06 16:40:00,2025-12-20 14:33:00,Atlanta,South,43.8,High Value,Repeat Customer
CUST-1808,1,39.35,28.71,2,39.35,5.0,2025-06-24 17:37:00,2025-06-24 17:37:00,Los Angeles,West,72.96,Low Value,One-Time Customer
CUST-1810,44,4673.08,1960.99,79,106.21,6.02,2025-01-03 15:06:00,2025-12-26 22:58:00,San Francisco,West,41.96,High Value,Repeat Customer
CUST-1811,7,489.93,210.56,9,69.99,6.43,2025-01-22 17:49:00,2025-12-29 22:18:00,Chicago,North,42.98,Medium Value,Repeat Customer
CUST-1812,1,59.98,45.34,2,59.98,0.0,2025-04-27 15:05:00,2025-04-27 15:05:00,Atlanta,South,75.59,Low Value,One-Time Customer
CUST-1813,15,1199.52,567.29,26,79.97,7.0,2025-01-24 17:38:00,2025-11-25 20:13:00,Los Angeles,West,47.29,High Value,Repeat Customer
CUST-1814,13,1012.53,493.66,27,77.89,11.54,2025-01-22 22:12:00,2025-12-14 16:11:00,Miami,South,48.76,High Value,Repeat Customer
CUST-1816,2,83.97,19.63,2,41.98,17.5,2025-02-19 20:54:00,2025-11-15 22:17:00,Dallas,South,23.38,Low Value,Repeat Customer
CUST-1817,1,23.54,14.98,1,23.54,10.0,2025-12-27 20:12:00,2025-12-27 20:12:00,Atlanta,South,63.64,Low Value,One-Time Customer
CUST-1819,2,141.17,87.42,3,70.58,5.0,2025-07-29 12:54:00,2025-11-22 22:05:00,Miami,South,61.93,Low Value,Repeat Customer
CUST-1820,6,661.84,265.85,13,110.31,5.0,2025-01-04 10:51:00,2025-08-16 13:04:00,Seattle,West,40.17,Medium Value,Repeat Customer
CUST-1822,1,36.53,17.13,1,36.53,25.0,2025-11-29 22:28:00,2025-11-29 22:28:00,New York,East,46.89,Low Value,One-Time Customer
CUST-1823,5,208.17,119.86,6,41.63,8.0,2025-04-03 13:27:00,2025-08-28 21:01:00,Denver,West,57.58,Medium Value,Repeat Customer
CUST-1824,2,238.17,117.89,7,119.08,7.5,2025-06-22 20:25:00,2025-11-30 09:37:00,Dallas,South,49.5,Medium Value,Repeat Customer
CUST-1825,12,937.77,584.92,27,78.15,3.33,2025-01-22 15:29:00,2025-09-20 17:31:00,Omaha,Central,62.37,High Value,Repeat Customer
CUST-1828,6,395.92,232.22,13,65.99,2.5,2025-01-11 18:58:00,2025-09-19 12:04:00,New York,East,58.65,Medium Value,Repeat Customer
CUST-1830,1,86.4,52.4,4,86.4,10.0,2025-07-11 11:43:00,2025-07-11 11:43:00,Washington Dc,East,60.65,Low Value,One-Time Customer
CUST-1831,2,71.55,42.86,2,35.78,7.5,2025-09-23 22:47:00,2025-12-22 12:56:00,Los Angeles,West,59.9,Low Value,Repeat Customer
CUST-1834,6,613.52,225.77,11,102.25,4.17,2025-01-15 18:12:00,2025-10-28 17:54:00,Los Angeles,West,36.8,Medium Value,Repeat Customer
CUST-1836,11,1131.08,477.69,24,102.83,9.09,2025-02-18 20:40:00,2025-12-07 10:22:00,Omaha,Central,42.23,High Value,Repeat Customer
CUST-1837,1,255.59,77.07,2,255.59,15.0,2025-11-28 17:58:00,2025-11-28 17:58:00,Seattle,West,30.15,Medium Value,One-Time Customer
CUST-1838,3,340.27,142.86,6,113.42,1.67,2025-02-09 19:12:00,2025-08-02 20:20:00,St. Louis,Central,41.98,Medium Value,Repeat Customer
CUST-1839,6,242.23,124.18,9,40.37,11.67,2025-03-16 11:30:00,2025-11-15 09:04:00,Los Angeles,West,51.27,Medium Value,Repeat Customer
CUST-1841,2,127.0,74.92,3,63.5,7.5,2025-11-11 11:04:00,2025-12-28 10:08:00,Detroit,North,58.99,Low Value,Repeat Customer
CUST-1843,26,1841.46,844.09,41,70.83,5.19,2025-01-30 18:40:00,2025-12-22 21:14:00,Washington Dc,East,45.84,High Value,Repeat Customer
CUST-1847,143,13466.43,6379.83,267,94.17,6.43,2025-01-09 15:30:00,2025-12-31 22:30:00,New York,East,47.38,High Value,Repeat Customer
CUST-1849,4,664.28,265.98,6,166.07,2.5,2025-01-24 10:29:00,2025-10-13 14:21:00,New York,East,40.04,Medium Value,Repeat Customer
CUST-1851,8,727.37,411.07,17,90.92,5.0,2025-03-29 08:38:00,2025-12-11 18:29:00,Dallas,South,56.51,Medium Value,Repeat Customer
CUST-1852,1,94.62,53.92,2,94.62,0.0,2025-01-30 13:05:00,2025-01-30 13:05:00,Dallas,South,56.99,Low Value,One-Time Customer
CUST-1853,12,1031.69,525.53,25,85.97,6.25,2025-01-04 22:52:00,2025-11-26 15:07:00,Chicago,North,50.94,High Value,Repeat Customer
CUST-1857,3,163.92,114.46,6,54.64,8.33,2025-03-09 22:24:00,2025-11-19 19:26:00,San Francisco,West,69.83,Medium Value,Repeat Customer
CUST-1858,3,137.85,83.49,5,45.95,6.67,2025-01-30 10:22:00,2025-10-01 14:18:00,Houston,South,60.57,Low Value,Repeat Customer
CUST-1860,3,221.43,130.44,6,73.81,5.0,2025-02-03 16:31:00,2025-09-10 12:48:00,New York,East,58.91,Medium Value,Repeat Customer
CUST-1861,3,213.3,127.44,5,71.1,3.33,2025-02-08 20:50:00,2025-04-25 15:33:00,Denver,West,59.75,Medium Value,Repeat Customer
CUST-1862,4,394.49,240.97,12,98.62,5.0,2025-03-18 18:55:00,2025-11-05 13:07:00,Houston,South,61.08,Medium Value,Repeat Customer
CUST-1863,1,331.74,70.77,3,331.74,5.0,2025-05-27 15:06:00,2025-05-27 15:06:00,Los Angeles,West,21.33,Medium Value,One-Time Customer
CUST-1864,3,191.03,110.56,5,63.68,3.33,2025-06-22 12:25:00,2025-07-29 16:30:00,Philadelphia,East,57.88,Medium Value,Repeat Customer
CUST-1865,6,376.94,202.94,8,62.82,7.5,2025-02-28 22:59:00,2025-11-24 15:10:00,Miami,South,53.84,Medium Value,Repeat Customer
CUST-1866,1,132.63,7.56,1,132.63,15.0,2025-03-19 13:27:00,2025-03-19 13:27:00,Indianapolis,North,5.7,Low Value,One-Time Customer
CUST-1868,6,461.59,253.58,11,76.93,5.0,2025-03-12 20:49:00,2025-09-07 12:20:00,Los Angeles,West,54.94,Medium Value,Repeat Customer
CUST-1869,23,1746.1,805.35,38,75.92,8.26,2025-01-04 16:46:00,2025-12-31 14:26:00,Miami,South,46.12,High Value,Repeat Customer
CUST-1870,1,59.89,38.49,2,59.89,10.0,2025-11-06 16:13:00,2025-11-06 16:13:00,Washington Dc,East,64.27,Low Value,One-Time Customer
CUST-1871,1,20.33,13.52,1,20.33,0.0,2025-05-10 11:59:00,2025-05-10 11:59:00,Dallas,South,66.5,Low Value,One-Time Customer
CUST-1872,6,800.17,340.07,12,133.36,7.5,2025-08-22 16:24:00,2025-12-15 10:20:00,Los Angeles,West,42.5,Medium Value,Repeat Customer
CUST-1873,4,496.11,184.99,7,124.03,5.0,2025-06-27 10:21:00,2025-11-29 15:35:00,Houston,South,37.29,Medium Value,Repeat Customer
CUST-1876,5,430.33,224.6,11,86.07,2.0,2025-02-19 13:24:00,2025-07-25 19:55:00,Dallas,South,52.19,Medium Value,Repeat Customer
CUST-1877,5,346.36,191.98,10,69.27,5.0,2025-02-14 16:35:00,2025-10-28 13:21:00,Chicago,North,55.43,Medium Value,Repeat Customer
CUST-1878,1,49.42,29.93,1,49.42,5.0,2025-05-05 18:04:00,2025-05-05 18:04:00,Detroit,North,60.56,Low Value,One-Time Customer
CUST-1880,1,39.14,21.52,1,39.14,0.0,2025-12-01 19:25:00,2025-12-01 19:25:00,Atlanta,South,54.98,Low Value,One-Time Customer
CUST-1881,5,705.36,264.86,8,141.07,6.0,2025-01-16 13:05:00,2025-10-04 16:33:00,San Francisco,West,37.55,Medium Value,Repeat Customer
CUST-1883,1,88.86,43.28,1,88.86,0.0,2025-05-24 10:58:00,2025-05-24 10:58:00,Dallas,South,48.71,Low Value,One-Time Customer
CUST-1884,9,957.03,408.88,15,106.34,7.78,2025-01-12 08:12:00,2025-12-28 16:58:00,Miami,South,42.72,High Value,Repeat Customer
CUST-1886,3,131.36,89.49,5,43.79,3.33,2025-02-25 11:39:00,2025-11-26 09:55:00,Indianapolis,North,68.13,Low Value,Repeat Customer
CUST-1887,3,165.72,89.31,3,55.24,1.67,2025-01-19 14:34:00,2025-04-28 11:20:00,New York,East,53.89,Medium Value,Repeat Customer
CUST-1890,1,68.08,33.43,1,68.08,0.0,2025-08-16 08:01:00,2025-08-16 08:01:00,Boston,East,49.1,Low Value,One-Time Customer
CUST-1891,3,284.48,127.71,5,94.83,8.33,2025-04-11 09:03:00,2025-11-01 21:43:00,Philadelphia,East,44.89,Medium Value,Repeat Customer
CUST-1892,8,611.61,310.8,14,76.45,8.75,2025-04-15 11:31:00,2025-12-23 19:56:00,Chicago,North,50.82,Medium Value,Repeat Customer
CUST-1893,1,36.21,25.43,2,36.21,5.0,2025-09-06 09:38:00,2025-09-06 09:38:00,New York,East,70.23,Low Value,One-Time Customer
CUST-1894,2,118.28,62.88,3,59.14,7.5,2025-03-31 20:34:00,2025-10-10 08:54:00,Omaha,Central,53.16,Low Value,Repeat Customer
CUST-1896,3,164.1,84.14,3,54.7,1.67,2025-01-29 14:56:00,2025-05-21 18:22:00,Los Angeles,West,51.27,Medium Value,Repeat Customer
CUST-1897,4,147.21,81.23,4,36.8,8.75,2025-03-15 22:17:00,2025-12-29 12:09:00,Miami,South,55.18,Medium Value,Repeat Customer
CUST-1902,1,23.25,12.29,1,23.25,20.0,2025-09-06 20:51:00,2025-09-06 20:51:00,Indianapolis,North,52.86,Low Value,One-Time Customer
CUST-1903,3,245.92,154.11,11,81.97,5.0,2025-05-21 20:12:00,2025-11-21 09:12:00,Chicago,North,62.67,Medium Value,Repeat Customer
CUST-1904,1,53.73,32.45,1,53.73,0.0,2025-10-06 13:26:00,2025-10-06 13:26:00,Seattle,West,60.39,Low Value,One-Time Customer
CUST-1905,9,824.88,433.77,23,91.65,8.33,2025-02-14 14:27:00,2025-12-16 11:03:00,Seattle,West,52.59,Medium Value,Repeat Customer
CUST-1906,7,415.18,225.12,13,59.31,12.14,2025-01-28 18:52:00,2025-12-26 20:40:00,Indianapolis,North,54.22,Medium Value,Repeat Customer
CUST-1908,1,34.78,24.44,2,34.78,15.0,2025-10-06 13:37:00,2025-10-06 13:37:00,Chicago,North,70.27,Low Value,One-Time Customer
CUST-1909,1,69.01,31.08,1,69.01,10.0,2025-12-22 22:18:00,2025-12-22 22:18:00,Miami,South,45.04,Low Value,One-Time Customer
CUST-1910,5,582.77,193.0,8,116.55,11.0,2025-02-05 09:17:00,2025-11-23 08:44:00,Seattle,West,33.12,Medium Value,Repeat Customer
CUST-1912,2,287.43,123.4,2,143.72,0.0,2025-10-14 08:10:00,2025-10-15 11:27:00,Dallas,South,42.93,Medium Value,Repeat Customer
CUST-1913,2,266.6,131.02,5,133.3,2.5,2025-06-03 17:44:00,2025-08-08 17:37:00,Dallas,South,49.14,Medium Value,Repeat Customer
CUST-1914,4,176.26,52.11,5,44.06,11.25,2025-05-17 18:28:00,2025-11-30 20:40:00,Chicago,North,29.56,Medium Value,Repeat Customer
CUST-1915,1,48.0,29.96,2,48.0,0.0,2025-05-31 11:42:00,2025-05-31 11:42:00,Miami,South,62.42,Low Value,One-Time Customer
CUST-1916,1,138.73,73.66,3,138.73,10.0,2025-11-29 19:39:00,2025-11-29 19:39:00,Washington Dc,East,53.1,Low Value,One-Time Customer
CUST-1917,19,1656.24,813.77,35,87.17,7.37,2025-01-09 19:59:00,2025-12-19 15:36:00,Omaha,Central,49.13,High Value,Repeat Customer
CUST-1918,3,150.05,82.93,3,50.02,5.0,2025-07-10 15:46:00,2025-12-23 18:07:00,San Francisco,West,55.27,Medium Value,Repeat Customer
CUST-1919,2,166.05,110.49,7,83.02,12.5,2025-01-17 16:15:00,2025-12-27 14:20:00,Chicago,North,66.54,Medium Value,Repeat Customer
CUST-1920,7,693.31,353.52,15,99.04,9.29,2025-01-29 08:50:00,2025-12-21 18:37:00,Denver,West,50.99,Medium Value,Repeat Customer
CUST-1921,2,63.6,40.53,2,31.8,2.5,2025-04-17 22:59:00,2025-09-07 15:24:00,Seattle,West,63.73,Low Value,Repeat Customer
CUST-1922,8,866.95,331.66,18,108.37,11.25,2025-02-13 17:01:00,2025-12-13 14:41:00,Seattle,West,38.26,Medium Value,Repeat Customer
CUST-1923,6,538.64,310.55,15,89.77,10.0,2025-03-30 21:23:00,2025-12-28 18:26:00,New York,East,57.65,Medium Value,Repeat Customer
CUST-1924,1,41.62,21.78,1,41.62,10.0,2025-06-03 08:01:00,2025-06-03 08:01:00,Dallas,South,52.33,Low Value,One-Time Customer
CUST-1927,4,561.26,279.74,8,140.32,1.25,2025-02-28 19:19:00,2025-10-28 17:55:00,Houston,South,49.84,Medium Value,Repeat Customer
CUST-1928,7,810.49,361.7,16,115.78,7.14,2025-01-07 08:25:00,2025-08-31 12:29:00,Atlanta,South,44.63,Medium Value,Repeat Customer
CUST-1929,1,61.72,29.62,1,61.72,0.0,2025-06-07 22:29:00,2025-06-07 22:29:00,New York,East,47.99,Low Value,One-Time Customer
CUST-1931,11,1173.08,533.44,18,106.64,5.45,2025-01-10 15:23:00,2025-12-13 21:06:00,New York,East,45.47,High Value,Repeat Customer
CUST-1932,50,4127.82,1974.49,92,82.56,7.6,2025-01-09 08:11:00,2025-12-24 14:22:00,Chicago,North,47.83,High Value,Repeat Customer
CUST-1933,3,325.9,142.22,6,108.63,8.33,2025-02-27 10:03:00,2025-12-06 18:22:00,St. Louis,Central,43.64,Medium Value,Repeat Customer
CUST-1934,1,185.56,58.29,1,185.56,5.0,2025-12-05 19:05:00,2025-12-05 19:05:00,St. Louis,Central,31.41,Medium Value,One-Time Customer
CUST-1937,9,642.26,262.45,9,71.36,7.22,2025-01-20 16:47:00,2025-12-27 10:39:00,Boston,East,40.86,Medium Value,Repeat Customer
CUST-1939,3,220.8,93.57,4,73.6,8.33,2025-04-16 14:48:00,2025-11-02 18:08:00,Minneapolis,North,42.38,Medium Value,Repeat Customer
CUST-1940,1,19.06,12.42,1,19.06,15.0,2025-12-27 14:36:00,2025-12-27 14:36:00,Dallas,South,65.16,Low Value,One-Time Customer
CUST-1941,2,105.86,67.8,3,52.93,2.5,2025-04-24 08:31:00,2025-07-24 16:46:00,Houston,South,64.05,Low Value,Repeat Customer
CUST-1942,1,39.95,20.67,1,39.95,15.0,2025-07-07 12:13:00,2025-07-07 12:13:00,Houston,South,51.74,Low Value,One-Time Customer
CUST-1943,9,755.34,372.44,15,83.93,1.11,2025-01-10 18:48:00,2025-10-10 14:45:00,Indianapolis,North,49.31,Medium Value,Repeat Customer
CUST-1944,2,225.02,93.87,4,112.51,10.0,2025-04-20 09:24:00,2025-06-11 11:24:00,Washington Dc,East,41.72,Medium Value,Repeat Customer
CUST-1947,12,1054.29,544.85,21,87.86,3.75,2025-01-21 15:17:00,2025-12-22 08:57:00,Indianapolis,North,51.68,High Value,Repeat Customer
CUST-1948,9,1258.09,379.98,15,139.79,14.44,2025-03-26 10:11:00,2025-12-11 21:38:00,San Francisco,West,30.2,High Value,Repeat Customer
CUST-1949,1,45.94,24.77,1,45.94,10.0,2025-10-16 09:19:00,2025-10-16 09:19:00,Washington Dc,East,53.92,Low Value,One-Time Customer
CUST-1950,1,50.03,31.31,3,50.03,15.0,2025-12-07 19:09:00,2025-12-07 19:09:00,Dallas,South,62.58,Low Value,One-Time Customer
CUST-1951,3,189.34,116.7,4,63.11,0.0,2025-03-15 13:47:00,2025-12-26 12:27:00,Los Angeles,West,61.64,Medium Value,Repeat Customer
CUST-1953,9,659.95,370.85,19,73.33,6.67,2025-01-30 19:10:00,2025-10-08 19:45:00,Dallas,South,56.19,Medium Value,Repeat Customer
CUST-1955,3,178.54,127.39,8,59.51,5.0,2025-06-12 10:21:00,2025-10-05 19:13:00,Miami,South,71.35,Medium Value,Repeat Customer
CUST-1956,5,428.07,200.73,7,85.61,7.0,2025-04-20 21:19:00,2025-11-15 20:01:00,New York,East,46.89,Medium Value,Repeat Customer
CUST-1958,2,135.65,87.01,4,67.82,2.5,2025-06-06 08:53:00,2025-08-13 20:56:00,Los Angeles,West,64.14,Low Value,Repeat Customer
CUST-1959,8,551.8,301.08,15,68.98,2.5,2025-02-08 14:39:00,2025-12-23 11:33:00,Minneapolis,North,54.56,Medium Value,Repeat Customer
CUST-1961,3,279.03,167.46,8,93.01,3.33,2025-01-28 19:30:00,2025-09-21 17:50:00,Chicago,North,60.02,Medium Value,Repeat Customer
CUST-1962,3,193.18,44.22,3,64.39,21.67,2025-01-28 15:37:00,2025-11-04 18:07:00,Washington Dc,East,22.89,Medium Value,Repeat Customer
CUST-1963,3,188.57,80.04,4,62.86,13.33,2025-07-29 15:32:00,2025-09-20 12:07:00,New York,East,42.45,Medium Value,Repeat Customer
CUST-1964,1,44.22,31.6,2,44.22,0.0,2025-04-12 21:18:00,2025-04-12 21:18:00,Indianapolis,North,71.46,Low Value,One-Time Customer
CUST-1965,1,76.08,41.34,2,76.08,5.0,2025-07-18 17:07:00,2025-07-18 17:07:00,St. Louis,Central,54.34,Low Value,One-Time Customer
CUST-1966,4,205.33,120.49,5,51.33,11.25,2025-01-09 11:11:00,2025-11-22 20:11:00,Boston,East,58.68,Medium Value,Repeat Customer
CUST-1967,1,156.74,45.02,2,156.74,15.0,2025-03-05 19:50:00,2025-03-05 19:50:00,Atlanta,South,28.72,Medium Value,One-Time Customer
CUST-1968,2,164.69,59.33,2,82.34,0.0,2025-02-27 21:12:00,2025-05-31 16:49:00,New York,East,36.03,Medium Value,Repeat Customer
CUST-1970,4,272.14,168.63,10,68.04,0.0,2025-03-26 09:22:00,2025-07-02 17:09:00,Minneapolis,North,61.96,Medium Value,Repeat Customer
CUST-1971,18,1314.26,643.76,31,73.01,9.44,2025-01-18 17:03:00,2025-12-27 16:17:00,Atlanta,South,48.98,High Value,Repeat Customer
CUST-1972,11,1208.05,545.28,22,109.82,5.0,2025-02-09 20:40:00,2025-12-17 17:43:00,Seattle,West,45.14,High Value,Repeat Customer
CUST-1976,2,109.36,60.81,3,54.68,5.0,2025-02-20 14:36:00,2025-07-07 11:48:00,Chicago,North,55.61,Low Value,Repeat Customer
CUST-1978,2,126.75,62.09,3,63.38,12.5,2025-05-20 12:00:00,2025-11-06 10:51:00,New York,East,48.99,Low Value,Repeat Customer
CUST-1979,1,203.84,78.8,1,203.84,0.0,2025-05-31 12:36:00,2025-05-31 12:36:00,Houston,South,38.66,Medium Value,One-Time Customer
CUST-1981,3,88.38,58.23,4,29.46,3.33,2025-01-17 13:47:00,2025-05-14 08:46:00,San Francisco,West,65.89,Low Value,Repeat Customer
CUST-1982,1,37.68,18.67,1,37.68,15.0,2025-01-23 14:38:00,2025-01-23 14:38:00,Columbus,Central,49.55,Low Value,One-Time Customer
CUST-1984,8,804.09,351.54,17,100.51,10.0,2025-01-07 20:20:00,2025-12-29 21:59:00,San Francisco,West,43.72,Medium Value,Repeat Customer
CUST-1986,6,848.94,411.55,17,141.49,10.83,2025-01-14 22:53:00,2025-08-15 12:51:00,Omaha,Central,48.48,Medium Value,Repeat Customer
CUST-1987,2,174.45,75.33,5,87.22,10.0,2025-08-16 15:34:00,2025-08-22 21:27:00,Houston,South,43.18,Medium Value,Repeat Customer
CUST-1989,9,896.69,457.64,19,99.63,5.0,2025-01-29 13:19:00,2025-12-06 13:11:00,Columbus,Central,51.04,Medium Value,Repeat Customer
CUST-1990,5,470.28,170.75,6,94.06,11.0,2025-02-26 16:03:00,2025-12-04 17:58:00,Los Angeles,West,36.31,Medium Value,Repeat Customer
CUST-1991,7,547.35,286.83,19,78.19,12.14,2025-01-29 14:32:00,2025-11-09 09:51:00,Columbus,Central,52.4,Medium Value,Repeat Customer
CUST-1993,2,66.53,34.02,3,33.26,15.0,2025-03-04 20:13:00,2025-12-07 22:23:00,Atlanta,South,51.13,Low Value,Repeat Customer
CUST-1994,2,591.78,270.94,8,295.89,5.0,2025-06-16 19:30:00,2025-12-21 16:13:00,New York,East,45.78,Medium Value,Repeat Customer
CUST-1996,17,1600.32,765.81,37,94.14,7.35,2025-01-03 14:18:00,2025-12-28 09:25:00,Minneapolis,North,47.85,High Value,Repeat Customer
CUST-1998,30,3273.37,1478.35,58,109.11,5.5,2025-01-15 19:19:00,2025-12-31 11:01:00,Columbus,Central,45.16,High Value,Repeat Customer
CUST-1999,1,98.08,56.58,2,98.08,5.0,2025-07-09 21:02:00,2025-07-09 21:02:00,Houston,South,57.69,Low Value,One-Time Customer
CUST-2000,1,294.8,139.48,2,294.8,0.0,2025-10-02 20:08:00,2025-10-02 20:08:00,Seattle,West,47.31,Medium Value,One-Time Customer
CUST-2001,3,135.53,90.81,6,45.18,5.0,2025-01-30 22:16:00,2025-12-16 22:23:00,Denver,West,67.0,Low Value,Repeat Customer
CUST-2002,8,877.45,374.09,15,109.68,7.5,2025-01-23 19:23:00,2025-12-29 16:49:00,St. Louis,Central,42.63,Medium Value,Repeat Customer
CUST-2003,1,104.35,23.39,1,104.35,15.0,2025-12-03 15:11:00,2025-12-03 15:11:00,Omaha,Central,22.41,Low Value,One-Time Customer
CUST-2004,10,1140.95,468.5,19,114.1,5.0,2025-05-02 16:09:00,2025-12-26 14:31:00,Boston,East,41.06,High Value,Repeat Customer
CUST-2006,7,465.88,289.38,17,66.55,5.0,2025-02-05 16:55:00,2025-12-26 17:35:00,Seattle,West,62.11,Medium Value,Repeat Customer
CUST-2007,5,406.56,128.7,7,81.31,9.0,2025-01-02 11:56:00,2025-11-30 12:42:00,Houston,South,31.66,Medium Value,Repeat Customer
CUST-2008,1,31.76,22.49,1,31.76,5.0,2025-04-11 12:48:00,2025-04-11 12:48:00,New York,East,70.81,Low Value,One-Time Customer
CUST-2009,1,41.1,23.53,1,41.1,5.0,2025-02-15 14:33:00,2025-02-15 14:33:00,Los Angeles,West,57.25,Low Value,One-Time Customer
CUST-2011,39,3356.01,1553.07,67,86.05,6.28,2025-01-04 22:57:00,2025-12-25 12:27:00,Washington Dc,East,46.28,High Value,Repeat Customer
CUST-2012,22,2106.94,995.86,45,95.77,9.09,2025-02-10 13:35:00,2025-12-26 14:10:00,Los Angeles,West,47.27,High Value,Repeat Customer
CUST-2014,3,130.37,74.59,5,43.46,10.0,2025-02-26 14:44:00,2025-12-08 11:56:00,Philadelphia,East,57.21,Low Value,Repeat Customer
CUST-2015,17,1673.01,805.04,39,98.41,8.53,2025-01-11 19:34:00,2025-12-28 12:22:00,Seattle,West,48.12,High Value,Repeat Customer
CUST-2017,2,198.29,108.51,5,99.15,2.5,2025-06-30 18:04:00,2025-10-29 11:04:00,Chicago,North,54.72,Medium Value,Repeat Customer
CUST-2018,12,909.26,541.2,26,75.77,9.17,2025-01-05 14:41:00,2025-12-03 14:00:00,Chicago,North,59.52,High Value,Repeat Customer
CUST-2020,3,278.2,174.32,6,92.73,0.0,2025-02-05 09:47:00,2025-11-17 09:17:00,Kansas City,Central,62.66,Medium Value,Repeat Customer
CUST-2021,1,70.79,52.01,3,70.79,10.0,2025-09-27 22:54:00,2025-09-27 22:54:00,Houston,South,73.47,Low Value,One-Time Customer
CUST-2022,15,927.24,423.41,25,61.82,10.67,2025-01-10 14:35:00,2025-12-27 09:36:00,Washington Dc,East,45.66,High Value,Repeat Customer
CUST-2023,34,3071.99,1271.18,54,90.35,6.91,2025-01-19 13:56:00,2025-12-30 21:30:00,Houston,South,41.38,High Value,Repeat Customer
CUST-2024,28,2354.65,1197.8,54,84.09,7.5,2025-01-20 13:56:00,2025-12-30 11:52:00,Miami,South,50.87,High Value,Repeat Customer
CUST-2025,1,36.99,26.73,2,36.99,5.0,2025-07-01 19:26:00,2025-07-01 19:26:00,San Francisco,West,72.26,Low Value,One-Time Customer
CUST-2026,12,1155.73,567.07,27,96.31,6.67,2025-01-14 20:58:00,2025-12-30 13:59:00,Los Angeles,West,49.07,High Value,Repeat Customer
CUST-2027,7,540.89,242.47,13,77.27,9.29,2025-09-02 15:13:00,2025-12-21 18:46:00,Detroit,North,44.83,Medium Value,Repeat Customer
CUST-2029,4,240.37,141.97,8,60.09,3.75,2025-02-07 08:31:00,2025-08-12 22:08:00,Chicago,North,59.06,Medium Value,Repeat Customer
CUST-2031,2,202.58,111.31,5,101.29,5.0,2025-09-07 18:09:00,2025-11-13 11:27:00,Los Angeles,West,54.95,Medium Value,Repeat Customer
CUST-2032,1,93.12,37.54,1,93.12,0.0,2025-09-09 17:12:00,2025-09-09 17:12:00,Detroit,North,40.31,Low Value,One-Time Customer
CUST-2035,3,492.03,180.63,6,164.01,1.67,2025-05-07 09:49:00,2025-11-02 19:36:00,Kansas City,Central,36.71,Medium Value,Repeat Customer
CUST-2036,1,51.81,33.39,3,51.81,10.0,2025-08-08 09:37:00,2025-08-08 09:37:00,Columbus,Central,64.45,Low Value,One-Time Customer
CUST-2037,7,1010.49,425.75,13,144.36,6.43,2025-02-08 22:00:00,2025-12-04 12:30:00,Chicago,North,42.13,High Value,Repeat Customer
CUST-2039,3,493.55,140.53,7,164.52,8.33,2025-01-01 15:55:00,2025-11-07 10:25:00,Dallas,South,28.47,Medium Value,Repeat Customer
CUST-2040,3,101.61,60.63,3,33.87,0.0,2025-06-13 22:28:00,2025-09-25 15:13:00,Dallas,South,59.67,Low Value,Repeat Customer
CUST-2041,9,675.61,393.57,18,75.07,7.22,2025-01-03 19:12:00,2025-11-22 16:46:00,Seattle,West,58.25,Medium Value,Repeat Customer
CUST-2042,2,94.35,60.73,3,47.18,2.5,2025-03-01 10:40:00,2025-12-30 11:47:00,Kansas City,Central,64.37,Low Value,Repeat Customer
CUST-2043,2,280.76,107.26,4,140.38,0.0,2025-05-15 18:07:00,2025-08-05 17:28:00,St. Louis,Central,38.2,Medium Value,Repeat Customer
CUST-2044,9,1160.08,486.24,17,128.9,3.33,2025-03-03 15:08:00,2025-11-09 08:24:00,Philadelphia,East,41.91,High Value,Repeat Customer
CUST-2045,2,168.49,56.5,3,84.24,15.0,2025-06-24 11:29:00,2025-10-04 13:48:00,Dallas,South,33.53,Medium Value,Repeat Customer
CUST-2046,1,138.66,63.94,2,138.66,0.0,2025-01-08 22:22:00,2025-01-08 22:22:00,Seattle,West,46.11,Low Value,One-Time Customer
CUST-2048,10,474.51,247.99,13,47.45,5.0,2025-05-11 08:45:00,2025-12-06 08:36:00,Philadelphia,East,52.26,Medium Value,Repeat Customer
CUST-2050,17,1248.7,652.4,33,73.45,7.06,2025-01-30 12:51:00,2025-11-26 22:38:00,Los Angeles,West,52.25,High Value,Repeat Customer
CUST-2051,2,192.1,60.27,3,96.05,12.5,2025-04-11 16:35:00,2025-10-29 17:50:00,Atlanta,South,31.37,Medium Value,Repeat Customer
CUST-2052,15,1684.22,706.02,31,112.28,10.67,2025-04-15 10:52:00,2025-12-19 18:28:00,Houston,South,41.92,High Value,Repeat Customer
CUST-2053,5,256.13,145.96,9,51.23,8.0,2025-01-07 11:42:00,2025-11-16 13:21:00,Kansas City,Central,56.99,Medium Value,Repeat Customer
CUST-2054,233,19690.33,9472.83,415,84.51,6.8,2025-01-03 12:43:00,2025-12-30 16:56:00,Detroit,North,48.11,High Value,Repeat Customer
CUST-2055,3,404.89,178.21,5,134.96,3.33,2025-04-06 22:06:00,2025-06-28 19:59:00,New York,East,44.01,Medium Value,Repeat Customer
CUST-2056,9,655.34,304.48,15,72.82,8.89,2025-02-04 13:56:00,2025-11-20 21:25:00,Houston,South,46.46,Medium Value,Repeat Customer
CUST-2057,3,100.15,57.73,3,33.38,5.0,2025-03-26 18:45:00,2025-07-03 16:08:00,Chicago,North,57.64,Low Value,Repeat Customer
CUST-2058,1,30.54,13.83,1,30.54,20.0,2025-12-21 15:33:00,2025-12-21 15:33:00,Chicago,North,45.28,Low Value,One-Time Customer
CUST-2059,2,134.46,81.08,4,67.23,7.5,2025-04-25 10:29:00,2025-08-17 11:25:00,Houston,South,60.3,Low Value,Repeat Customer
CUST-2060,15,867.77,410.57,21,57.85,8.33,2025-03-15 16:51:00,2025-12-22 11:13:00,San Francisco,West,47.31,Medium Value,Repeat Customer
CUST-2061,50,4154.7,1947.02,90,83.09,6.4,2025-01-14 11:33:00,2025-12-31 09:32:00,Atlanta,South,46.86,High Value,Repeat Customer
CUST-2062,5,740.96,233.34,12,148.19,10.0,2025-01-02 15:36:00,2025-11-12 13:10:00,St. Louis,Central,31.49,Medium Value,Repeat Customer
CUST-2063,3,287.04,164.4,8,95.68,11.67,2025-03-03 14:43:00,2025-12-31 11:25:00,Philadelphia,East,57.27,Medium Value,Repeat Customer
CUST-2065,3,135.91,70.79,3,45.3,5.0,2025-09-02 14:32:00,2025-12-13 20:44:00,Philadelphia,East,52.09,Low Value,Repeat Customer
CUST-2067,1,35.81,19.21,1,35.81,10.0,2025-08-27 15:40:00,2025-08-27 15:40:00,Seattle,West,53.64,Low Value,One-Time Customer
CUST-2070,1,43.92,31.38,2,43.92,0.0,2025-03-18 21:04:00,2025-03-18 21:04:00,Denver,West,71.45,Low Value,One-Time Customer
CUST-2074,58,5259.35,2445.2,106,90.68,8.19,2025-01-03 20:53:00,2025-12-29 22:04:00,Seattle,West,46.49,High Value,Repeat Customer
CUST-2075,3,88.9,54.23,3,29.63,10.0,2025-03-25 20:57:00,2025-12-22 12:16:00,New York,East,61.0,Low Value,Repeat Customer
CUST-2077,4,230.9,119.26,4,57.72,3.75,2025-07-17 18:50:00,2025-10-17 15:14:00,Houston,South,51.65,Medium Value,Repeat Customer
CUST-2078,1,98.81,7.83,1,98.81,25.0,2025-12-04 17:52:00,2025-12-04 17:52:00,Philadelphia,East,7.92,Low Value,One-Time Customer
CUST-2079,20,1129.49,623.98,29,56.47,4.75,2025-01-04 20:09:00,2025-12-11 18:34:00,Houston,South,55.24,High Value,Repeat Customer
CUST-2080,6,700.41,248.74,11,116.74,5.83,2025-01-31 11:19:00,2025-06-11 13:07:00,Miami,South,35.51,Medium Value,Repeat Customer
CUST-2082,1,121.72,39.02,1,121.72,15.0,2025-01-19 18:08:00,2025-01-19 18:08:00,Houston,South,32.06,Low Value,One-Time Customer
CUST-2083,13,987.19,464.22,26,75.94,10.0,2025-03-08 13:03:00,2025-12-25 19:00:00,Minneapolis,North,47.02,High Value,Repeat Customer
CUST-2084,11,796.46,344.34,15,72.41,4.55,2025-01-10 08:58:00,2025-12-17 15:54:00,Minneapolis,North,43.23,Medium Value,Repeat Customer
CUST-2085,3,171.36,94.66,5,57.12,10.0,2025-03-19 19:20:00,2025-10-14 08:30:00,St. Louis,Central,55.24,Medium Value,Repeat Customer
CUST-2086,1,87.34,45.48,2,87.34,5.0,2025-02-08 20:52:00,2025-02-08 20:52:00,New York,East,52.07,Low Value,One-Time Customer
CUST-2088,66,6275.03,2849.91,130,95.08,6.52,2025-01-03 18:30:00,2025-12-19 11:12:00,San Francisco,West,45.42,High Value,Repeat Customer
CUST-2090,9,838.99,442.41,20,93.22,6.11,2025-02-17 19:02:00,2025-11-17 14:12:00,Miami,South,52.73,Medium Value,Repeat Customer
CUST-2091,2,186.07,118.49,7,93.04,7.5,2025-04-17 18:43:00,2025-11-09 21:32:00,Los Angeles,West,63.68,Medium Value,Repeat Customer
CUST-2092,4,533.06,221.02,10,133.26,2.5,2025-07-29 22:36:00,2025-10-11 16:22:00,Seattle,West,41.46,Medium Value,Repeat Customer
CUST-2093,4,716.44,184.46,8,179.11,8.75,2025-03-06 20:23:00,2025-12-13 08:48:00,Los Angeles,West,25.75,Medium Value,Repeat Customer
CUST-2095,1,21.59,12.68,1,21.59,10.0,2025-05-12 20:00:00,2025-05-12 20:00:00,Denver,West,58.73,Low Value,One-Time Customer
CUST-2096,1,19.83,12.55,1,19.83,0.0,2025-10-10 15:28:00,2025-10-10 15:28:00,Boston,East,63.29,Low Value,One-Time Customer
CUST-2097,1,47.73,29.65,1,47.73,0.0,2025-04-03 12:25:00,2025-04-03 12:25:00,Atlanta,South,62.12,Low Value,One-Time Customer
CUST-2098,4,469.55,216.69,6,117.39,3.75,2025-03-31 13:08:00,2025-10-08 13:50:00,New York,East,46.15,Medium Value,Repeat Customer
CUST-2099,1,82.51,31.67,1,82.51,10.0,2025-08-18 16:25:00,2025-08-18 16:25:00,Chicago,North,38.38,Low Value,One-Time Customer
CUST-2101,27,2094.03,1007.06,46,77.56,7.41,2025-01-09 16:39:00,2025-12-15 09:20:00,Seattle,West,48.09,High Value,Repeat Customer
CUST-2102,8,555.5,291.78,15,69.44,8.12,2025-03-03 15:26:00,2025-12-20 10:21:00,Chicago,North,52.53,Medium Value,Repeat Customer
CUST-2103,11,1191.04,507.58,20,108.28,5.0,2025-01-16 22:02:00,2025-12-08 11:03:00,New York,East,42.62,High Value,Repeat Customer
CUST-2104,102,9972.86,4452.38,197,97.77,6.27,2025-01-04 20:16:00,2025-12-28 19:21:00,Boston,East,44.64,High Value,Repeat Customer
CUST-2106,1,39.23,21.8,1,39.23,10.0,2025-12-05 16:19:00,2025-12-05 16:19:00,Omaha,Central,55.57,Low Value,One-Time Customer
CUST-2107,3,327.98,162.02,6,109.33,3.33,2025-10-04 22:18:00,2025-11-28 12:22:00,Houston,South,49.4,Medium Value,Repeat Customer
CUST-2108,5,675.88,224.69,8,135.18,6.0,2025-06-15 13:24:00,2025-12-24 17:41:00,Miami,South,33.24,Medium Value,Repeat Customer
CUST-2110,4,471.4,227.19,9,117.85,6.25,2025-01-26 09:39:00,2025-04-17 09:51:00,Atlanta,South,48.19,Medium Value,Repeat Customer
CUST-2111,2,482.35,134.43,4,241.18,10.0,2025-04-20 20:23:00,2025-05-26 12:41:00,Chicago,North,27.87,Medium Value,Repeat Customer
CUST-2113,4,488.37,205.64,8,122.09,7.5,2025-07-08 14:57:00,2025-11-07 15:10:00,Omaha,Central,42.11,Medium Value,Repeat Customer
CUST-2114,2,194.85,95.96,3,97.43,0.0,2025-04-03 10:29:00,2025-05-12 16:22:00,Houston,South,49.25,Medium Value,Repeat Customer
CUST-2115,2,423.92,130.8,4,211.96,10.0,2025-07-29 22:54:00,2025-08-29 10:47:00,Los Angeles,West,30.85,Medium Value,Repeat Customer
CUST-2116,2,242.43,142.99,5,121.22,2.5,2025-04-27 17:36:00,2025-11-10 17:12:00,Los Angeles,West,58.98,Medium Value,Repeat Customer
CUST-2117,12,1183.97,625.17,27,98.66,5.0,2025-01-23 12:11:00,2025-12-12 08:00:00,San Francisco,West,52.8,High Value,Repeat Customer
CUST-2120,13,1082.57,488.21,23,83.27,5.38,2025-01-14 20:10:00,2025-11-12 16:55:00,Miami,South,45.1,High Value,Repeat Customer
CUST-2121,28,1888.02,957.26,45,67.43,6.79,2025-01-19 09:33:00,2025-12-25 22:25:00,Los Angeles,West,50.7,High Value,Repeat Customer
CUST-2122,10,686.14,306.8,13,68.61,5.5,2025-01-28 22:35:00,2025-12-07 09:13:00,San Francisco,West,44.71,Medium Value,Repeat Customer
CUST-2123,4,472.46,203.92,10,118.12,7.5,2025-02-14 12:24:00,2025-12-27 09:09:00,Houston,South,43.16,Medium Value,Repeat Customer
CUST-2124,4,289.69,149.57,7,72.42,0.0,2025-03-02 19:51:00,2025-07-21 19:02:00,Dallas,South,51.63,Medium Value,Repeat Customer
CUST-2126,1,57.61,36.79,2,57.61,5.0,2025-07-25 15:38:00,2025-07-25 15:38:00,Seattle,West,63.86,Low Value,One-Time Customer
CUST-2127,1,129.42,12.86,1,129.42,20.0,2025-12-31 09:18:00,2025-12-31 09:18:00,Chicago,Central,9.94,Low Value,One-Time Customer
CUST-2128,1,152.66,67.94,1,152.66,0.0,2025-01-22 16:46:00,2025-01-22 16:46:00,Seattle,West,44.5,Medium Value,One-Time Customer
CUST-2130,6,872.13,334.14,11,145.35,1.67,2025-02-02 13:20:00,2025-09-18 19:37:00,Philadelphia,East,38.31,Medium Value,Repeat Customer
CUST-2131,1,65.97,36.21,2,65.97,5.0,2025-10-04 11:27:00,2025-10-04 11:27:00,Los Angeles,West,54.89,Low Value,One-Time Customer
CUST-2134,2,143.96,70.35,2,71.98,0.0,2025-04-05 16:34:00,2025-05-14 20:28:00,Los Angeles,West,48.87,Medium Value,Repeat Customer
CUST-2136,11,773.66,393.91,17,70.33,8.18,2025-01-05 19:31:00,2025-12-01 09:55:00,Seattle,West,50.92,Medium Value,Repeat Customer
CUST-2137,1,56.85,40.8,3,56.85,0.0,2025-10-15 09:14:00,2025-10-15 09:14:00,Philadelphia,East,71.77,Low Value,One-Time Customer
CUST-2138,2,161.03,52.88,4,80.52,10.0,2025-09-27 08:07:00,2025-09-29 13:00:00,St. Louis,Central,32.84,Medium Value,Repeat Customer
CUST-2139,2,166.43,89.16,3,83.22,2.5,2025-03-28 22:57:00,2025-09-07 16:46:00,Chicago,North,53.57,Medium Value,Repeat Customer
CUST-2140,4,332.48,129.57,6,83.12,20.0,2025-03-14 14:24:00,2025-11-16 12:05:00,Atlanta,South,38.97,Medium Value,Repeat Customer
CUST-2142,5,472.18,145.73,6,94.44,11.0,2025-01-23 16:26:00,2025-12-28 12:25:00,Miami,South,30.86,Medium Value,Repeat Customer
CUST-2143,2,213.63,107.95,3,106.82,5.0,2025-04-03 19:38:00,2025-05-13 09:47:00,Los Angeles,West,50.53,Medium Value,Repeat Customer
CUST-2145,14,1162.12,574.59,25,83.01,6.79,2025-01-18 14:18:00,2025-12-30 20:20:00,Detroit,North,49.44,High Value,Repeat Customer
CUST-2146,6,373.96,137.52,8,62.33,11.67,2025-04-13 11:22:00,2025-12-23 09:49:00,Boston,East,36.77,Medium Value,Repeat Customer
CUST-2147,6,634.23,310.97,10,105.7,2.5,2025-05-17 11:41:00,2025-11-04 09:40:00,New York,East,49.03,Medium Value,Repeat Customer
CUST-2148,9,544.39,240.89,9,60.49,2.22,2025-02-12 10:55:00,2025-12-14 14:24:00,Dallas,South,44.25,Medium Value,Repeat Customer
CUST-2149,11,1184.55,481.79,19,107.69,5.0,2025-02-02 17:58:00,2025-12-15 22:58:00,Kansas City,Central,40.67,High Value,Repeat Customer
CUST-2150,5,321.59,178.75,11,64.32,9.0,2025-01-07 18:31:00,2025-08-20 19:34:00,San Francisco,West,55.58,Medium Value,Repeat Customer
CUST-2151,10,1359.7,565.78,23,135.97,7.0,2025-01-16 09:09:00,2025-09-29 13:03:00,Los Angeles,West,41.61,High Value,Repeat Customer
CUST-2152,4,139.6,85.87,5,34.9,8.75,2025-07-10 08:22:00,2025-09-24 13:36:00,Los Angeles,West,61.51,Low Value,Repeat Customer
CUST-2153,3,294.56,148.73,5,98.19,0.0,2025-03-31 15:58:00,2025-06-23 16:48:00,New York,East,50.49,Medium Value,Repeat Customer
CUST-2155,5,987.5,334.95,8,197.5,8.0,2025-01-10 11:17:00,2025-12-19 11:12:00,Los Angeles,West,33.92,High Value,Repeat Customer
CUST-2157,10,686.2,373.38,17,68.62,4.0,2025-02-13 10:56:00,2025-12-11 11:33:00,San Francisco,West,54.41,Medium Value,Repeat Customer
CUST-2158,13,1159.63,535.0,24,89.2,9.62,2025-03-12 14:57:00,2025-12-27 15:15:00,Atlanta,South,46.14,High Value,Repeat Customer
CUST-2160,14,1213.65,442.57,23,86.69,10.36,2025-01-04 11:54:00,2025-11-11 15:23:00,Houston,South,36.47,High Value,Repeat Customer
CUST-2163,8,1319.21,520.79,14,164.9,7.5,2025-01-19 16:23:00,2025-12-26 14:12:00,Omaha,Central,39.48,High Value,Repeat Customer
CUST-2165,4,442.5,181.83,5,110.62,10.0,2025-06-09 22:33:00,2025-12-31 13:38:00,Los Angeles,West,41.09,Medium Value,Repeat Customer
CUST-2166,7,830.19,311.39,18,118.6,13.57,2025-06-18 15:03:00,2025-12-30 20:39:00,Los Angeles,West,37.51,Medium Value,Repeat Customer
CUST-2167,4,167.99,103.15,6,42.0,12.5,2025-03-11 09:09:00,2025-12-31 16:09:00,Philadelphia,East,61.4,Medium Value,Repeat Customer
CUST-2169,2,232.92,80.55,3,116.46,7.5,2025-02-05 17:49:00,2025-03-10 12:11:00,New York,East,34.58,Medium Value,Repeat Customer
CUST-2170,5,312.75,139.36,8,62.55,7.0,2025-07-01 18:27:00,2025-11-18 10:08:00,Dallas,South,44.56,Medium Value,Repeat Customer
CUST-2171,38,4308.52,2081.58,84,113.38,4.47,2025-01-23 11:05:00,2025-12-28 15:02:00,Houston,South,48.31,High Value,Repeat Customer
CUST-2172,3,230.23,107.33,5,76.74,6.67,2025-02-05 10:46:00,2025-08-24 09:16:00,Seattle,West,46.62,Medium Value,Repeat Customer
CUST-2173,1,84.06,40.22,2,84.06,10.0,2025-09-06 12:09:00,2025-09-06 12:09:00,Los Angeles,West,47.85,Low Value,One-Time Customer
CUST-2174,3,271.16,108.71,3,90.39,3.33,2025-03-05 12:28:00,2025-08-01 17:44:00,Dallas,South,40.09,Medium Value,Repeat Customer
CUST-2175,1,30.05,20.06,1,30.05,0.0,2025-11-19 12:29:00,2025-11-19 12:29:00,Chicago,North,66.76,Low Value,One-Time Customer
CUST-2176,4,273.07,169.66,6,68.27,2.5,2025-02-25 09:26:00,2025-11-10 14:56:00,San Francisco,West,62.13,Medium Value,Repeat Customer
CUST-2178,12,1075.86,480.12,19,89.66,7.5,2025-01-16 22:48:00,2025-12-06 08:36:00,Los Angeles,West,44.63,High Value,Repeat Customer
CUST-2180,34,2902.95,1336.6,57,85.38,6.76,2025-01-09 18:10:00,2025-12-31 11:36:00,New York,East,46.04,High Value,Repeat Customer
CUST-2181,2,125.95,41.87,2,62.97,7.5,2025-04-16 08:13:00,2025-04-25 20:18:00,Atlanta,South,33.24,Low Value,Repeat Customer
CUST-2182,1,30.88,21.18,1,30.88,0.0,2025-09-30 16:35:00,2025-09-30 16:35:00,Los Angeles,West,68.59,Low Value,One-Time Customer
CUST-2183,23,1674.25,787.03,35,72.79,6.96,2025-01-30 16:39:00,2025-12-20 13:54:00,San Francisco,West,47.01,High Value,Repeat Customer
CUST-2185,20,1490.96,733.84,35,74.55,4.75,2025-01-15 12:07:00,2025-12-31 22:33:00,Omaha,Central,49.22,High Value,Repeat Customer
CUST-2186,4,319.02,223.08,12,79.76,7.5,2025-05-28 18:25:00,2025-12-25 19:19:00,Chicago,North,69.93,Medium Value,Repeat Customer
CUST-2187,1,78.6,41.26,1,78.6,0.0,2025-07-13 13:26:00,2025-07-13 13:26:00,New York,East,52.49,Low Value,One-Time Customer
CUST-2189,4,354.22,149.24,5,88.56,8.75,2025-01-01 20:03:00,2025-07-05 10:50:00,San Francisco,West,42.13,Medium Value,Repeat Customer
CUST-2190,1,67.8,44.01,3,67.8,5.0,2025-05-04 20:41:00,2025-05-04 20:41:00,Houston,South,64.91,Low Value,One-Time Customer
CUST-2191,2,115.83,65.03,3,57.91,10.0,2025-05-07 18:38:00,2025-12-25 12:07:00,Seattle,West,56.14,Low Value,Repeat Customer
CUST-2192,3,422.91,169.31,6,140.97,1.67,2025-06-30 20:17:00,2025-09-11 18:21:00,Boston,East,40.03,Medium Value,Repeat Customer
CUST-2193,6,403.75,224.26,10,67.29,3.33,2025-01-27 13:29:00,2025-11-21 17:47:00,Dallas,South,55.54,Medium Value,Repeat Customer
CUST-2195,11,1066.02,534.15,21,96.91,6.82,2025-01-26 08:41:00,2025-12-31 11:47:00,San Francisco,West,50.11,High Value,Repeat Customer
CUST-2196,28,2813.55,1173.61,44,100.48,8.39,2025-01-02 21:54:00,2025-12-27 08:04:00,Houston,South,41.71,High Value,Repeat Customer
CUST-2197,38,3508.19,1433.47,61,92.32,5.92,2025-01-04 22:14:00,2025-12-25 14:55:00,Miami,South,40.86,High Value,Repeat Customer
CUST-2198,5,334.33,191.37,8,66.87,3.0,2025-02-28 17:39:00,2025-10-26 19:00:00,Miami,South,57.24,Medium Value,Repeat Customer
CUST-2200,5,210.55,122.26,6,42.11,5.0,2025-01-04 09:04:00,2025-08-21 15:45:00,Los Angeles,West,58.07,Medium Value,Repeat Customer
CUST-2203,1,28.86,21.05,1,28.86,5.0,2025-09-04 21:45:00,2025-09-04 21:45:00,Washington Dc,East,72.94,Low Value,One-Time Customer
CUST-2204,1,259.36,80.88,2,259.36,0.0,2025-12-16 11:20:00,2025-12-16 11:20:00,Philadelphia,East,31.18,Medium Value,One-Time Customer
CUST-2205,3,126.07,76.9,3,42.02,1.67,2025-05-21 11:43:00,2025-08-13 22:54:00,San Francisco,West,61.0,Low Value,Repeat Customer
CUST-2206,5,330.09,171.55,8,66.02,11.0,2025-03-13 16:19:00,2025-12-18 10:40:00,Denver,West,51.97,Medium Value,Repeat Customer
CUST-2207,1,72.2,48.68,4,72.2,5.0,2025-11-10 15:08:00,2025-11-10 15:08:00,Chicago,North,67.42,Low Value,One-Time Customer
CUST-2208,2,216.95,82.94,2,108.48,2.5,2025-07-10 15:45:00,2025-11-30 21:24:00,Los Angeles,West,38.23,Medium Value,Repeat Customer
CUST-2209,158,14376.18,6683.58,286,90.99,6.39,2025-01-01 13:55:00,2025-12-25 18:32:00,Chicago,North,46.49,High Value,Repeat Customer
CUST-2210,1,176.04,77.98,2,176.04,0.0,2025-07-29 17:53:00,2025-07-29 17:53:00,Boston,East,44.3,Medium Value,One-Time Customer
CUST-2211,2,146.44,85.7,7,73.22,17.5,2025-11-11 20:25:00,2025-12-24 15:03:00,Atlanta,South,58.52,Medium Value,Repeat Customer
CUST-2212,1,52.73,31.85,3,52.73,10.0,2025-07-08 14:05:00,2025-07-08 14:05:00,Miami,South,60.4,Low Value,One-Time Customer
CUST-2213,6,762.19,285.33,8,127.03,7.5,2025-03-04 12:42:00,2025-11-16 18:46:00,Dallas,South,37.44,Medium Value,Repeat Customer
CUST-2214,4,527.37,207.18,8,131.84,8.75,2025-07-04 18:56:00,2025-12-25 10:24:00,Washington Dc,East,39.29,Medium Value,Repeat Customer
CUST-2216,2,96.09,63.6,3,48.04,0.0,2025-06-12 10:43:00,2025-06-30 21:34:00,Los Angeles,West,66.19,Low Value,Repeat Customer
CUST-2217,3,146.65,99.16,5,48.88,8.33,2025-10-15 15:15:00,2025-12-04 18:56:00,Dallas,South,67.62,Medium Value,Repeat Customer
CUST-2218,3,246.39,158.84,6,82.13,0.0,2025-02-15 16:33:00,2025-10-05 10:24:00,Minneapolis,North,64.47,Medium Value,Repeat Customer
CUST-2220,18,1478.33,626.47,30,82.13,5.56,2025-01-07 10:47:00,2025-12-20 22:37:00,Atlanta,South,42.38,High Value,Repeat Customer
CUST-2221,1,156.69,35.8,1,156.69,5.0,2025-01-04 09:32:00,2025-01-04 09:32:00,New York,East,22.85,Medium Value,One-Time Customer
CUST-2222,1,128.45,29.35,1,128.45,0.0,2025-05-22 09:33:00,2025-05-22 09:33:00,Los Angeles,West,22.85,Low Value,One-Time Customer
CUST-2223,12,851.75,432.69,21,70.98,5.42,2025-03-02 09:17:00,2025-12-03 22:46:00,Miami,South,50.8,Medium Value,Repeat Customer
CUST-2224,1,78.39,23.19,1,78.39,15.0,2025-11-16 18:08:00,2025-11-16 18:08:00,Chicago,North,29.58,Low Value,One-Time Customer
CUST-2225,1,67.29,34.21,2,67.29,15.0,2025-11-11 20:56:00,2025-11-11 20:56:00,Dallas,South,50.84,Low Value,One-Time Customer
CUST-2226,2,83.03,40.79,2,41.52,7.5,2025-07-13 22:32:00,2025-08-01 16:57:00,St. Louis,Central,49.13,Low Value,Repeat Customer
CUST-2227,1,187.72,60.09,1,187.72,10.0,2025-02-15 09:37:00,2025-02-15 09:37:00,Washington Dc,East,32.01,Medium Value,One-Time Customer
CUST-2228,49,4148.85,2092.08,95,84.67,6.73,2025-01-22 18:04:00,2025-12-29 17:45:00,Los Angeles,West,50.43,High Value,Repeat Customer
CUST-2229,1,93.97,39.26,1,93.97,0.0,2025-01-08 22:06:00,2025-01-08 22:06:00,Washington Dc,East,41.78,Low Value,One-Time Customer
CUST-2230,11,1028.09,470.3,21,93.46,5.91,2025-02-05 13:19:00,2025-12-19 22:46:00,Houston,South,45.75,High Value,Repeat Customer
CUST-2231,2,283.08,145.01,4,141.54,2.5,2025-06-08 18:34:00,2025-12-24 22:15:00,New York,East,51.23,Medium Value,Repeat Customer
CUST-2234,3,304.74,154.31,7,101.58,8.33,2025-02-25 13:31:00,2025-11-02 17:15:00,Atlanta,South,50.64,Medium Value,Repeat Customer
CUST-2235,1,164.8,42.46,1,164.8,0.0,2025-02-04 21:16:00,2025-02-04 21:16:00,Atlanta,South,25.76,Medium Value,One-Time Customer
CUST-2236,9,853.36,408.3,16,94.82,5.0,2025-01-02 17:59:00,2025-11-04 16:38:00,New York,East,47.85,Medium Value,Repeat Customer
CUST-2238,35,2934.96,1415.76,65,83.86,6.43,2025-01-20 14:14:00,2025-12-31 14:20:00,Minneapolis,North,48.24,High Value,Repeat Customer
CUST-2240,7,389.47,204.0,10,55.64,5.71,2025-01-05 14:14:00,2025-11-19 15:52:00,Houston,South,52.38,Medium Value,Repeat Customer
CUST-2241,5,346.47,212.91,11,69.29,7.0,2025-01-28 14:07:00,2025-11-01 18:16:00,Omaha,Central,61.45,Medium Value,Repeat Customer
CUST-2242,4,548.93,259.64,12,137.23,8.75,2025-01-20 10:03:00,2025-05-12 16:40:00,Detroit,North,47.3,Medium Value,Repeat Customer
CUST-2243,10,669.19,271.3,11,66.92,7.0,2025-03-05 14:00:00,2025-12-09 14:49:00,Dallas,South,40.54,Medium Value,Repeat Customer
CUST-2244,8,1060.82,463.98,14,132.6,5.0,2025-01-08 09:41:00,2025-12-08 19:55:00,Los Angeles,West,43.74,High Value,Repeat Customer
CUST-2245,6,1123.76,476.57,16,187.29,2.5,2025-03-13 14:13:00,2025-11-25 19:46:00,Los Angeles,West,42.41,High Value,Repeat Customer
CUST-2246,1,111.98,10.11,1,111.98,15.0,2025-11-30 15:57:00,2025-11-30 15:57:00,New York,East,9.03,Low Value,One-Time Customer
CUST-2248,10,953.38,459.19,19,95.34,4.5,2025-01-12 16:34:00,2025-11-12 16:51:00,Dallas,South,48.16,High Value,Repeat Customer
CUST-2249,5,408.61,190.13,8,81.72,9.0,2025-06-30 12:07:00,2025-12-19 19:30:00,Atlanta,South,46.53,Medium Value,Repeat Customer
CUST-2250,5,373.19,199.62,10,74.64,10.0,2025-07-19 08:52:00,2025-12-24 16:02:00,Houston,South,53.49,Medium Value,Repeat Customer
CUST-2251,1,179.96,65.0,2,179.96,0.0,2025-08-21 22:26:00,2025-08-21 22:26:00,New York,East,36.12,Medium Value,One-Time Customer
CUST-2252,1,34.86,20.57,1,34.86,15.0,2025-11-30 09:28:00,2025-11-30 09:28:00,Atlanta,South,59.01,Low Value,One-Time Customer
CUST-2254,6,443.16,280.28,18,73.86,8.33,2025-03-05 12:16:00,2025-11-24 21:20:00,Los Angeles,West,63.25,Medium Value,Repeat Customer
CUST-2256,1,67.77,48.9,3,67.77,0.0,2025-02-26 14:46:00,2025-02-26 14:46:00,Philadelphia,East,72.16,Low Value,One-Time Customer
CUST-2257,1,88.18,58.03,3,88.18,5.0,2025-11-29 18:36:00,2025-11-29 18:36:00,Minneapolis,North,65.81,Low Value,One-Time Customer
CUST-2258,1,180.58,103.82,4,180.58,5.0,2025-03-16 20:16:00,2025-03-16 20:16:00,Minneapolis,North,57.49,Medium Value,One-Time Customer
CUST-2259,2,61.55,36.15,2,30.78,5.0,2025-04-30 09:50:00,2025-09-28 21:50:00,St. Louis,Central,58.73,Low Value,Repeat Customer
CUST-2260,1,93.86,7.36,1,93.86,25.0,2025-12-03 12:52:00,2025-12-03 12:52:00,Miami,South,7.84,Low Value,One-Time Customer
CUST-2261,9,828.49,364.07,18,92.05,11.67,2025-01-18 10:19:00,2025-12-08 09:50:00,Detroit,North,43.94,Medium Value,Repeat Customer
CUST-2263,2,204.49,91.8,4,102.24,2.5,2025-02-02 08:30:00,2025-05-24 09:32:00,Washington Dc,East,44.89,Medium Value,Repeat Customer
CUST-2265,1,29.78,20.77,1,29.78,0.0,2025-05-27 19:10:00,2025-05-27 19:10:00,Atlanta,South,69.74,Low Value,One-Time Customer
CUST-2266,2,130.33,74.96,3,65.16,7.5,2025-01-31 08:22:00,2025-11-11 12:54:00,Chicago,North,57.52,Low Value,Repeat Customer
CUST-2267,1,87.98,49.52,2,87.98,10.0,2025-08-20 12:11:00,2025-08-20 12:11:00,Omaha,Central,56.29,Low Value,One-Time Customer
CUST-2268,3,291.18,138.47,5,97.06,8.33,2025-02-10 12:13:00,2025-12-15 12:25:00,Atlanta,South,47.55,Medium Value,Repeat Customer
CUST-2270,4,410.67,157.7,8,102.67,10.0,2025-01-18 21:24:00,2025-11-17 14:32:00,Los Angeles,West,38.4,Medium Value,Repeat Customer
CUST-2271,6,440.26,253.38,13,73.38,5.0,2025-04-06 18:44:00,2025-10-27 12:10:00,Washington Dc,East,57.55,Medium Value,Repeat Customer
CUST-2272,3,169.01,83.35,4,56.34,8.33,2025-05-11 13:05:00,2025-10-19 11:00:00,Miami,South,49.32,Medium Value,Repeat Customer
CUST-2277,56,4273.76,2060.62,90,76.32,5.8,2025-01-01 12:03:00,2025-12-30 22:39:00,Detroit,North,48.22,High Value,Repeat Customer
CUST-2278,1,27.29,19.96,1,27.29,5.0,2025-07-26 22:12:00,2025-07-26 22:12:00,Houston,South,73.14,Low Value,One-Time Customer
CUST-2279,1,246.72,117.12,3,246.72,0.0,2025-08-15 19:36:00,2025-08-15 19:36:00,St. Louis,Central,47.47,Medium Value,One-Time Customer
CUST-2280,6,600.9,297.34,10,100.15,6.67,2025-03-25 14:48:00,2025-10-26 19:53:00,Los Angeles,West,49.48,Medium Value,Repeat Customer
CUST-2281,3,449.84,139.73,6,149.95,10.0,2025-01-27 20:56:00,2025-07-12 08:53:00,Denver,West,31.06,Medium Value,Repeat Customer
CUST-2282,3,146.22,88.26,5,48.74,5.0,2025-03-13 20:17:00,2025-05-06 16:29:00,Houston,South,60.36,Medium Value,Repeat Customer
CUST-2285,1,36.17,17.86,1,36.17,5.0,2025-01-28 11:43:00,2025-01-28 11:43:00,Los Angeles,West,49.38,Low Value,One-Time Customer
CUST-2292,5,264.85,150.5,6,52.97,4.0,2025-01-19 10:16:00,2025-12-17 19:25:00,Dallas,South,56.82,Medium Value,Repeat Customer
CUST-2293,4,281.7,138.82,10,70.42,7.5,2025-08-04 22:47:00,2025-12-01 22:16:00,San Francisco,West,49.28,Medium Value,Repeat Customer
CUST-2294,5,212.06,135.74,7,42.41,6.0,2025-04-15 12:32:00,2025-11-24 13:25:00,Houston,South,64.01,Medium Value,Repeat Customer
CUST-2298,7,649.88,314.63,14,92.84,7.86,2025-01-04 09:47:00,2025-11-23 22:12:00,Chicago,North,48.41,Medium Value,Repeat Customer
CUST-2299,2,239.53,123.65,6,119.77,2.5,2025-08-19 21:57:00,2025-12-20 12:52:00,New York,East,51.62,Medium Value,Repeat Customer
CUST-2301,15,1306.73,699.16,34,87.12,5.67,2025-03-04 08:34:00,2025-12-22 20:52:00,Los Angeles,West,53.5,High Value,Repeat Customer
CUST-2304,4,322.89,177.19,10,80.72,6.25,2025-05-24 14:14:00,2025-11-02 17:18:00,Atlanta,South,54.88,Medium Value,Repeat Customer
CUST-2305,6,712.5,370.13,16,118.75,5.0,2025-02-09 13:10:00,2025-12-22 10:58:00,New York,East,51.95,Medium Value,Repeat Customer
CUST-2306,3,99.47,61.76,4,33.16,8.33,2025-03-17 10:16:00,2025-09-07 22:35:00,Los Angeles,West,62.09,Low Value,Repeat Customer
CUST-2307,4,284.21,162.7,8,71.05,10.0,2025-04-03 14:51:00,2025-12-31 13:00:00,Chicago,North,57.25,Medium Value,Repeat Customer
CUST-2308,3,220.56,81.8,6,73.52,10.0,2025-02-27 22:14:00,2025-12-03 20:58:00,Philadelphia,East,37.09,Medium Value,Repeat Customer
CUST-2309,11,1108.29,512.46,21,100.75,5.91,2025-01-03 09:49:00,2025-12-02 22:52:00,Washington Dc,East,46.24,High Value,Repeat Customer
CUST-2310,1,59.89,30.37,1,59.89,0.0,2025-02-08 20:50:00,2025-02-08 20:50:00,Washington Dc,East,50.71,Low Value,One-Time Customer
CUST-2311,11,697.06,404.57,22,63.37,4.09,2025-01-16 17:44:00,2025-12-11 10:43:00,Atlanta,South,58.04,Medium Value,Repeat Customer
CUST-2312,3,232.75,104.13,5,77.58,10.0,2025-02-05 20:35:00,2025-10-29 15:43:00,Los Angeles,West,44.74,Medium Value,Repeat Customer
CUST-2313,8,809.74,442.56,19,101.22,4.38,2025-01-21 16:10:00,2025-10-01 15:05:00,Detroit,North,54.65,Medium Value,Repeat Customer
CUST-2314,1,67.97,38.91,2,67.97,15.0,2025-07-08 10:10:00,2025-07-08 10:10:00,Houston,South,57.25,Low Value,One-Time Customer
CUST-2315,3,319.4,107.49,6,106.47,13.33,2025-07-16 16:29:00,2025-11-24 13:33:00,Denver,West,33.65,Medium Value,Repeat Customer
CUST-2316,3,459.16,226.98,8,153.05,0.0,2025-04-04 14:56:00,2025-08-15 08:05:00,Los Angeles,West,49.43,Medium Value,Repeat Customer
CUST-2317,4,279.87,122.81,6,69.97,8.75,2025-03-23 20:13:00,2025-12-29 15:18:00,Chicago,North,43.88,Medium Value,Repeat Customer
CUST-2319,1,94.5,54.14,2,94.5,0.0,2025-03-25 10:24:00,2025-03-25 10:24:00,Houston,South,57.29,Low Value,One-Time Customer
CUST-2320,2,252.95,128.99,5,126.48,10.0,2025-08-25 12:25:00,2025-11-02 08:10:00,Atlanta,South,50.99,Medium Value,Repeat Customer
CUST-2322,11,604.85,331.46,20,54.99,7.73,2025-01-08 21:05:00,2025-12-12 14:45:00,Minneapolis,North,54.8,Medium Value,Repeat Customer
CUST-2324,33,2644.72,1440.62,62,80.14,6.67,2025-02-04 18:36:00,2025-12-17 17:20:00,Los Angeles,West,54.47,High Value,Repeat Customer
CUST-2325,1,218.37,103.35,3,218.37,5.0,2025-01-21 20:56:00,2025-01-21 20:56:00,Philadelphia,East,47.33,Medium Value,One-Time Customer
CUST-2327,5,314.69,185.74,10,62.94,7.0,2025-03-17 15:26:00,2025-11-18 21:55:00,Minneapolis,North,59.02,Medium Value,Repeat Customer
CUST-2329,1,28.94,16.26,1,28.94,5.0,2025-09-26 18:40:00,2025-09-26 18:40:00,San Francisco,West,56.19,Low Value,One-Time Customer
CUST-2330,2,300.7,193.15,9,150.35,7.5,2025-05-18 16:27:00,2025-11-29 16:30:00,Seattle,West,64.23,Medium Value,Repeat Customer
CUST-2331,4,381.7,212.83,9,95.42,2.5,2025-03-19 18:37:00,2025-08-01 17:36:00,San Francisco,West,55.76,Medium Value,Repeat Customer
CUST-2333,133,12364.65,5713.17,252,92.97,6.32,2025-01-01 15:56:00,2025-12-31 21:13:00,Boston,East,46.21,High Value,Repeat Customer
CUST-2334,29,1982.02,1054.24,52,68.35,7.24,2025-02-08 11:10:00,2025-12-25 20:21:00,Houston,South,53.19,High Value,Repeat Customer
CUST-2335,5,870.45,338.22,12,174.09,4.0,2025-05-22 08:00:00,2025-10-06 21:39:00,Washington Dc,East,38.86,Medium Value,Repeat Customer
CUST-2337,4,368.11,179.57,8,92.03,6.25,2025-02-26 17:28:00,2025-11-18 08:13:00,Los Angeles,West,48.78,Medium Value,Repeat Customer
CUST-2338,1,63.13,35.65,2,63.13,10.0,2025-12-06 21:53:00,2025-12-06 21:53:00,Boston,East,56.47,Low Value,One-Time Customer
CUST-2341,1,19.36,13.66,1,19.36,0.0,2025-03-27 14:04:00,2025-03-27 14:04:00,Kansas City,Central,70.56,Low Value,One-Time Customer
CUST-2342,11,1249.06,633.01,26,113.55,5.91,2025-01-11 08:06:00,2025-12-12 11:11:00,Philadelphia,East,50.68,High Value,Repeat Customer
CUST-2343,7,673.38,287.24,12,96.2,7.14,2025-01-29 21:30:00,2025-11-30 14:32:00,Boston,East,42.66,Medium Value,Repeat Customer
CUST-2344,5,395.07,170.46,11,79.01,14.0,2025-02-17 20:57:00,2025-11-15 09:43:00,Atlanta,South,43.15,Medium Value,Repeat Customer
CUST-2345,1,266.05,108.67,3,266.05,5.0,2025-10-29 16:14:00,2025-10-29 16:14:00,Dallas,South,40.85,Medium Value,One-Time Customer
CUST-2346,3,265.01,84.77,5,88.34,15.0,2025-04-12 21:09:00,2025-12-22 13:35:00,Denver,West,31.99,Medium Value,Repeat Customer
CUST-2347,1,144.36,32.63,1,144.36,10.0,2025-01-27 21:37:00,2025-01-27 21:37:00,Los Angeles,West,22.6,Medium Value,One-Time Customer
CUST-2348,60,5277.04,2425.6,106,87.95,6.5,2025-01-04 12:54:00,2025-12-18 13:06:00,Seattle,West,45.97,High Value,Repeat Customer
CUST-2350,13,932.8,399.33,15,71.75,5.0,2025-02-10 21:29:00,2025-11-10 22:04:00,Washington Dc,East,42.81,High Value,Repeat Customer
CUST-2351,3,310.7,135.68,5,103.57,6.67,2025-09-04 18:37:00,2025-12-07 10:25:00,Atlanta,South,43.67,Medium Value,Repeat Customer
CUST-2352,1,18.0,11.9,1,18.0,15.0,2025-07-19 16:21:00,2025-07-19 16:21:00,Los Angeles,West,66.11,Low Value,One-Time Customer
CUST-2353,7,1077.13,488.81,12,153.88,1.43,2025-05-24 11:32:00,2025-08-29 21:36:00,New York,East,45.38,High Value,Repeat Customer
CUST-2354,3,173.48,94.29,4,57.83,10.0,2025-03-16 19:01:00,2025-12-28 20:43:00,New York,East,54.35,Medium Value,Repeat Customer
CUST-2355,10,896.82,541.8,30,89.68,9.0,2025-01-01 13:42:00,2025-12-24 19:20:00,Washington Dc,East,60.41,Medium Value,Repeat Customer
CUST-2356,14,1036.31,579.12,31,74.02,5.36,2025-01-03 14:42:00,2025-12-14 20:59:00,Kansas City,Central,55.88,High Value,Repeat Customer
CUST-2357,1,146.9,68.26,2,146.9,0.0,2025-10-07 14:28:00,2025-10-07 14:28:00,Minneapolis,North,46.47,Medium Value,One-Time Customer
CUST-2358,1,52.94,31.37,1,52.94,0.0,2025-08-05 13:24:00,2025-08-05 13:24:00,San Francisco,West,59.26,Low Value,One-Time Customer
CUST-2359,5,425.78,271.28,14,85.16,8.0,2025-01-11 22:08:00,2025-11-15 21:27:00,Miami,South,63.71,Medium Value,Repeat Customer
CUST-2360,16,1936.04,738.01,33,121.0,8.75,2025-02-10 14:41:00,2025-12-26 11:25:00,New York,East,38.12,High Value,Repeat Customer
CUST-2361,1,21.2,14.9,1,21.2,5.0,2025-08-22 14:18:00,2025-08-22 14:18:00,Chicago,North,70.28,Low Value,One-Time Customer
CUST-2362,4,287.86,135.06,5,71.96,8.75,2025-03-13 13:07:00,2025-11-18 19:12:00,Miami,South,46.92,Medium Value,Repeat Customer
CUST-2363,4,433.56,157.63,5,108.39,11.25,2025-01-27 14:05:00,2025-11-30 17:10:00,New York,East,36.36,Medium Value,Repeat Customer
CUST-2364,3,401.23,116.97,4,133.74,3.33,2025-01-06 11:33:00,2025-09-10 11:59:00,Chicago,North,29.15,Medium Value,Repeat Customer
CUST-2366,3,442.11,117.53,7,147.37,11.67,2025-06-14 17:09:00,2025-11-08 21:02:00,Kansas City,Central,26.58,Medium Value,Repeat Customer
CUST-2367,10,701.28,414.18,20,70.13,7.0,2025-01-02 16:38:00,2025-12-10 18:49:00,Detroit,North,59.06,Medium Value,Repeat Customer
CUST-2368,1,87.01,42.29,2,87.01,15.0,2025-03-06 15:24:00,2025-03-06 15:24:00,Seattle,West,48.6,Low Value,One-Time Customer
CUST-2369,1,56.52,41.54,2,56.52,0.0,2025-09-17 16:35:00,2025-09-17 16:35:00,Dallas,South,73.5,Low Value,One-Time Customer
CUST-2370,36,3300.82,1694.43,73,91.69,6.67,2025-01-02 13:56:00,2025-12-31 20:23:00,Los Angeles,West,51.33,High Value,Repeat Customer
CUST-2371,1,60.83,25.49,1,60.83,10.0,2025-05-09 12:10:00,2025-05-09 12:10:00,Atlanta,South,41.9,Low Value,One-Time Customer
CUST-2372,16,994.08,580.05,28,62.13,6.25,2025-01-13 10:41:00,2025-12-20 09:18:00,Houston,South,58.35,High Value,Repeat Customer
CUST-2375,5,455.24,211.07,8,91.05,6.0,2025-01-17 18:51:00,2025-11-15 12:06:00,Houston,South,46.36,Medium Value,Repeat Customer
CUST-2376,1,167.72,64.1,2,167.72,10.0,2025-10-06 20:49:00,2025-10-06 20:49:00,Los Angeles,West,38.22,Medium Value,One-Time Customer
CUST-2377,3,358.8,154.73,7,119.6,8.33,2025-03-17 17:19:00,2025-12-27 16:11:00,Denver,West,43.12,Medium Value,Repeat Customer
CUST-2378,2,86.25,52.32,2,43.12,2.5,2025-06-19 08:04:00,2025-12-26 11:44:00,San Francisco,West,60.66,Low Value,Repeat Customer
CUST-2379,3,236.0,126.85,7,78.67,3.33,2025-03-30 13:28:00,2025-10-07 18:13:00,Los Angeles,West,53.75,Medium Value,Repeat Customer
CUST-2382,46,4291.74,1932.06,79,93.3,7.28,2025-01-14 21:22:00,2025-12-27 21:58:00,Miami,South,45.02,High Value,Repeat Customer
CUST-2385,1,32.9,18.01,1,32.9,10.0,2025-09-11 13:34:00,2025-09-11 13:34:00,Boston,East,54.74,Low Value,One-Time Customer
CUST-2386,5,676.99,234.37,8,135.4,9.0,2025-02-25 19:13:00,2025-11-14 18:29:00,Dallas,South,34.62,Medium Value,Repeat Customer
CUST-2388,29,1834.24,888.89,45,63.25,7.24,2025-01-19 11:52:00,2025-12-27 19:16:00,San Francisco,West,48.46,High Value,Repeat Customer
CUST-2389,1,107.2,67.6,2,107.2,0.0,2025-04-01 13:34:00,2025-04-01 13:34:00,Seattle,West,63.06,Low Value,One-Time Customer
CUST-2390,2,277.88,106.11,2,138.94,2.5,2025-06-20 14:44:00,2025-07-22 08:15:00,Miami,South,38.19,Medium Value,Repeat Customer
CUST-2391,1,18.5,12.18,1,18.5,15.0,2025-03-23 16:01:00,2025-03-23 16:01:00,Kansas City,Central,65.84,Low Value,One-Time Customer
CUST-2393,2,145.77,70.89,3,72.88,7.5,2025-07-15 18:31:00,2025-08-24 08:44:00,Miami,South,48.63,Medium Value,Repeat Customer
CUST-2394,1,117.33,36.53,1,117.33,5.0,2025-02-01 09:09:00,2025-02-01 09:09:00,Dallas,South,31.13,Low Value,One-Time Customer
CUST-2395,9,808.35,438.39,17,89.82,2.78,2025-01-12 21:45:00,2025-12-10 22:17:00,New York,East,54.23,Medium Value,Repeat Customer
CUST-2397,2,188.45,50.31,2,94.22,2.5,2025-07-11 16:41:00,2025-08-05 09:54:00,Denver,West,26.7,Medium Value,Repeat Customer
CUST-2398,1,45.4,25.43,1,45.4,15.0,2025-12-20 18:32:00,2025-12-20 18:32:00,Detroit,North,56.01,Low Value,One-Time Customer
CUST-2399,9,962.11,395.04,19,106.9,11.11,2025-02-06 19:12:00,2025-12-15 08:27:00,Dallas,South,41.06,High Value,Repeat Customer
CUST-2400,1,94.62,8.9,1,94.62,20.0,2025-02-02 15:51:00,2025-02-02 15:51:00,Boston,East,9.41,Low Value,One-Time Customer
CUST-2401,1,51.03,30.22,1,51.03,0.0,2025-03-05 14:21:00,2025-03-05 14:21:00,New York,East,59.22,Low Value,One-Time Customer
CUST-2403,8,807.35,286.72,14,100.92,6.88,2025-01-10 09:06:00,2025-12-07 10:28:00,San Francisco,West,35.51,Medium Value,Repeat Customer
CUST-2404,3,330.63,192.28,9,110.21,5.0,2025-07-31 11:12:00,2025-11-07 20:03:00,Los Angeles,West,58.16,Medium Value,Repeat Customer
CUST-2405,2,135.94,39.6,2,67.97,7.5,2025-04-17 13:15:00,2025-08-09 20:10:00,San Francisco,West,29.13,Low Value,Repeat Customer
CUST-2406,3,149.68,99.73,6,49.89,6.67,2025-04-24 20:38:00,2025-08-15 09:11:00,San Francisco,West,66.63,Medium Value,Repeat Customer
CUST-2407,2,144.17,58.54,4,72.09,22.5,2025-12-15 16:20:00,2025-12-19 21:14:00,Los Angeles,West,40.6,Medium Value,Repeat Customer
CUST-2408,3,332.19,145.64,5,110.73,3.33,2025-04-30 10:38:00,2025-10-07 11:26:00,New York,East,43.84,Medium Value,Repeat Customer
CUST-2409,8,566.57,286.69,12,70.82,3.75,2025-01-20 12:54:00,2025-12-16 08:47:00,Washington Dc,East,50.6,Medium Value,Repeat Customer
CUST-2415,9,497.3,241.44,13,55.26,5.0,2025-03-16 19:01:00,2025-11-04 15:57:00,Detroit,North,48.55,Medium Value,Repeat Customer
CUST-2417,2,136.52,82.52,6,68.26,15.0,2025-04-12 10:04:00,2025-06-12 18:13:00,Chicago,North,60.45,Low Value,Repeat Customer
CUST-2418,1,208.25,107.35,5,208.25,0.0,2025-10-28 12:29:00,2025-10-28 12:29:00,Los Angeles,West,51.55,Medium Value,One-Time Customer
CUST-2419,14,1217.1,499.7,18,86.94,5.36,2025-02-04 14:40:00,2025-12-15 12:41:00,Los Angeles,West,41.06,High Value,Repeat Customer
CUST-2421,5,418.3,173.17,7,83.66,9.0,2025-04-15 14:41:00,2025-11-18 18:31:00,Houston,South,41.4,Medium Value,Repeat Customer
CUST-2423,1,43.21,21.35,1,43.21,15.0,2025-11-27 15:11:00,2025-11-27 15:11:00,Chicago,North,49.41,Low Value,One-Time Customer
CUST-2424,55,4307.18,2209.29,95,78.31,7.45,2025-01-22 08:19:00,2025-12-24 16:13:00,Houston,South,51.29,High Value,Repeat Customer
CUST-2425,30,2528.6,1135.08,47,84.29,5.83,2025-01-14 10:29:00,2025-12-28 19:19:00,Denver,West,44.89,High Value,Repeat Customer
CUST-2427,27,2823.1,1243.0,47,104.56,6.11,2025-01-11 22:22:00,2025-12-31 21:12:00,Dallas,South,44.03,High Value,Repeat Customer
CUST-2428,5,358.04,179.62,10,71.61,10.0,2025-04-04 21:41:00,2025-11-13 10:27:00,Detroit,North,50.17,Medium Value,Repeat Customer
CUST-2429,9,705.77,378.63,17,78.42,8.89,2025-01-02 15:27:00,2025-12-05 18:19:00,Houston,South,53.65,Medium Value,Repeat Customer
CUST-2431,1,174.46,66.68,2,174.46,5.0,2025-01-21 08:49:00,2025-01-21 08:49:00,Philadelphia,East,38.22,Medium Value,One-Time Customer
CUST-2432,5,496.03,236.51,10,99.21,8.0,2025-08-15 12:23:00,2025-12-17 10:46:00,Atlanta,South,47.68,Medium Value,Repeat Customer
CUST-2433,1,104.36,69.51,5,104.36,5.0,2025-01-03 15:39:00,2025-01-03 15:39:00,Chicago,North,66.61,Low Value,One-Time Customer
CUST-2436,1,18.94,12.09,1,18.94,5.0,2025-07-07 13:47:00,2025-07-07 13:47:00,Houston,South,63.83,Low Value,One-Time Customer
CUST-2437,5,310.1,162.18,8,62.02,8.0,2025-03-15 10:03:00,2025-11-07 21:06:00,St. Louis,Central,52.3,Medium Value,Repeat Customer
CUST-2439,5,369.98,224.04,11,74.0,6.0,2025-01-16 11:52:00,2025-11-26 17:46:00,Boston,East,60.55,Medium Value,Repeat Customer
CUST-2440,24,1556.13,800.09,38,64.84,7.29,2025-01-12 21:23:00,2025-12-22 13:54:00,New York,East,51.42,High Value,Repeat Customer
CUST-2442,3,327.09,163.53,7,109.03,8.33,2025-03-13 08:13:00,2025-08-21 16:10:00,Boston,East,50.0,Medium Value,Repeat Customer
CUST-2443,1,87.95,55.43,4,87.95,10.0,2025-12-09 22:23:00,2025-12-09 22:23:00,Los Angeles,West,63.02,Low Value,One-Time Customer
CUST-2444,9,965.52,323.8,14,107.28,6.11,2025-03-09 17:42:00,2025-12-25 11:26:00,Los Angeles,West,33.54,High Value,Repeat Customer
CUST-2446,2,117.48,68.24,4,58.74,5.0,2025-06-10 19:16:00,2025-08-31 20:08:00,New York,East,58.09,Low Value,Repeat Customer
CUST-2447,4,507.31,231.03,7,126.83,6.25,2025-01-17 13:42:00,2025-11-06 18:25:00,New York,East,45.54,Medium Value,Repeat Customer
CUST-2448,26,2252.43,1072.28,45,86.63,5.58,2025-01-20 08:55:00,2025-12-29 10:27:00,Denver,West,47.61,High Value,Repeat Customer
CUST-2449,5,322.97,130.17,6,64.59,8.0,2025-05-07 12:47:00,2025-11-21 18:01:00,Washington Dc,East,40.3,Medium Value,Repeat Customer
CUST-2450,4,311.14,166.15,7,77.78,3.75,2025-04-19 19:56:00,2025-12-14 14:02:00,Boston,East,53.4,Medium Value,Repeat Customer
CUST-2451,2,118.34,68.22,5,59.17,10.0,2025-04-09 18:47:00,2025-08-06 18:18:00,Detroit,North,57.65,Low Value,Repeat Customer
CUST-2452,11,1546.1,736.27,23,140.55,6.82,2025-01-04 17:09:00,2025-12-24 18:29:00,Philadelphia,East,47.62,High Value,Repeat Customer
CUST-2453,2,250.89,145.23,6,125.44,5.0,2025-01-30 12:11:00,2025-02-09 14:15:00,Detroit,North,57.89,Medium Value,Repeat Customer
CUST-2454,1,142.49,63.21,1,142.49,0.0,2025-08-08 08:55:00,2025-08-08 08:55:00,Miami,South,44.36,Medium Value,One-Time Customer
CUST-2455,25,2232.34,991.69,44,89.29,7.6,2025-01-11 16:56:00,2025-12-19 13:00:00,Indianapolis,North,44.42,High Value,Repeat Customer
CUST-2456,2,218.85,123.53,8,109.42,7.5,2025-04-08 10:17:00,2025-06-05 18:51:00,Los Angeles,West,56.45,Medium Value,Repeat Customer
CUST-2457,4,489.08,154.0,6,122.27,8.75,2025-02-23 09:44:00,2025-11-28 12:48:00,Houston,South,31.49,Medium Value,Repeat Customer
CUST-2458,1,52.63,32.64,1,52.63,5.0,2025-12-17 13:19:00,2025-12-17 13:19:00,Dallas,South,62.02,Low Value,One-Time Customer
CUST-2459,3,191.25,117.61,6,63.75,5.0,2025-07-13 14:23:00,2025-12-29 16:55:00,Denver,West,61.5,Medium Value,Repeat Customer
CUST-2461,5,433.43,201.65,7,86.69,3.0,2025-03-09 13:14:00,2025-08-15 14:55:00,New York,East,46.52,Medium Value,Repeat Customer
CUST-2463,3,377.74,80.55,5,125.91,11.67,2025-05-03 12:59:00,2025-12-19 10:12:00,Chicago,North,21.32,Medium Value,Repeat Customer
CUST-2464,485,42631.03,20905.99,909,87.9,6.47,2025-01-01 10:36:00,2025-12-31 19:42:00,Seattle,West,49.04,High Value,Repeat Customer
CUST-2465,1,144.56,67.63,1,144.56,0.0,2025-04-02 18:07:00,2025-04-02 18:07:00,Minneapolis,North,46.78,Medium Value,One-Time Customer
CUST-2466,40,3347.23,1562.82,67,83.68,5.62,2025-01-15 21:16:00,2025-12-27 20:26:00,New York,East,46.69,High Value,Repeat Customer
CUST-2468,10,867.66,378.78,15,86.77,10.0,2025-01-12 16:39:00,2025-12-23 18:09:00,Washington Dc,East,43.66,Medium Value,Repeat Customer
CUST-2469,2,84.49,56.38,3,42.24,10.0,2025-05-08 08:07:00,2025-12-10 17:33:00,Los Angeles,West,66.73,Low Value,Repeat Customer
CUST-2470,5,285.22,132.98,7,57.04,13.0,2025-02-20 11:32:00,2025-11-16 08:41:00,Atlanta,South,46.62,Medium Value,Repeat Customer
CUST-2471,5,393.01,195.67,6,78.6,1.0,2025-03-08 12:15:00,2025-05-21 14:53:00,Chicago,North,49.79,Medium Value,Repeat Customer
CUST-2472,15,1523.57,680.94,23,101.57,5.33,2025-03-08 17:20:00,2025-12-25 22:48:00,Los Angeles,West,44.69,High Value,Repeat Customer
CUST-2473,2,154.2,82.91,4,77.1,5.0,2025-07-21 20:32:00,2025-11-11 20:33:00,Boston,East,53.77,Medium Value,Repeat Customer
CUST-2475,5,320.5,184.9,8,64.1,5.0,2025-01-22 11:59:00,2025-11-09 21:15:00,San Francisco,West,57.69,Medium Value,Repeat Customer
CUST-2476,12,1414.95,605.48,20,117.91,5.83,2025-04-08 22:53:00,2025-12-28 11:35:00,San Francisco,West,42.79,High Value,Repeat Customer
CUST-2477,4,332.52,194.96,9,83.13,5.0,2025-01-15 22:32:00,2025-11-17 16:02:00,New York,East,58.63,Medium Value,Repeat Customer
CUST-2478,5,493.07,165.42,7,98.61,9.0,2025-04-24 22:59:00,2025-11-05 18:26:00,Miami,South,33.55,Medium Value,Repeat Customer
CUST-2479,2,169.24,82.42,4,84.62,7.5,2025-02-19 19:36:00,2025-07-12 17:28:00,Seattle,West,48.7,Medium Value,Repeat Customer
CUST-2480,4,194.18,111.72,5,48.54,8.75,2025-03-01 19:42:00,2025-12-05 15:03:00,New York,East,57.53,Medium Value,Repeat Customer
CUST-2481,1,307.82,60.06,2,307.82,0.0,2025-06-04 14:14:00,2025-06-04 14:14:00,Chicago,South,19.51,Medium Value,One-Time Customer
CUST-2484,2,88.96,52.46,2,44.48,5.0,2025-07-20 22:05:00,2025-10-06 13:58:00,New York,East,58.97,Low Value,Repeat Customer
CUST-2486,1,79.16,38.8,1,79.16,0.0,2025-07-12 08:57:00,2025-07-12 08:57:00,Dallas,South,49.01,Low Value,One-Time Customer
CUST-2487,5,320.57,194.65,11,64.11,4.0,2025-01-31 15:28:00,2025-09-24 09:30:00,Seattle,West,60.72,Medium Value,Repeat Customer
CUST-2488,1,39.02,21.02,1,39.02,10.0,2025-05-28 18:10:00,2025-05-28 18:10:00,Denver,West,53.87,Low Value,One-Time Customer
CUST-2491,2,137.84,74.18,4,68.92,7.5,2025-08-21 14:42:00,2025-09-26 19:58:00,Denver,West,53.82,Low Value,Repeat Customer
CUST-2494,4,628.14,260.21,12,157.04,7.5,2025-06-08 10:55:00,2025-09-15 10:10:00,Omaha,Central,41.43,Medium Value,Repeat Customer
CUST-2495,2,82.04,52.15,4,41.02,10.0,2025-09-26 09:33:00,2025-12-18 13:54:00,Minneapolis,North,63.57,Low Value,Repeat Customer
CUST-2496,4,375.96,103.07,5,93.99,10.0,2025-04-17 09:14:00,2025-12-06 15:09:00,Washington Dc,East,27.42,Medium Value,Repeat Customer
CUST-2497,1,39.33,25.18,1,39.33,0.0,2025-03-20 20:49:00,2025-03-20 20:49:00,Minneapolis,North,64.02,Low Value,One-Time Customer
CUST-2499,12,997.04,463.4,18,83.09,3.75,2025-04-14 17:20:00,2025-12-02 22:36:00,Seattle,West,46.48,High Value,Repeat Customer
CUST-2500,1,166.44,107.96,4,166.44,0.0,2025-07-21 19:45:00,2025-07-21 19:45:00,New York,East,64.86,Medium Value,One-Time Customer
CUST-2501,5,306.75,166.58,8,61.35,7.0,2025-03-30 08:59:00,2025-12-28 10:28:00,Columbus,Central,54.3,Medium Value,Repeat Customer
CUST-2504,1,93.19,-7.94,1,93.19,30.0,2025-11-11 19:45:00,2025-11-11 19:45:00,Houston,South,-8.52,Low Value,One-Time Customer
CUST-2505,1,47.16,27.52,1,47.16,5.0,2025-06-14 14:24:00,2025-06-14 14:24:00,Dallas,South,58.35,Low Value,One-Time Customer
CUST-2506,3,308.29,144.47,6,102.76,10.0,2025-04-29 15:04:00,2025-11-18 17:55:00,Dallas,South,46.86,Medium Value,Repeat Customer
CUST-2507,1,97.73,59.49,4,97.73,20.0,2025-11-23 22:43:00,2025-11-23 22:43:00,Minneapolis,North,60.87,Low Value,One-Time Customer
CUST-2508,1,60.92,38.04,2,60.92,0.0,2025-09-06 19:32:00,2025-09-06 19:32:00,Dallas,South,62.44,Low Value,One-Time Customer
CUST-2509,9,917.25,425.86,16,101.92,3.89,2025-03-01 11:30:00,2025-11-07 13:23:00,New York,East,46.43,High Value,Repeat Customer
CUST-2510,13,1114.24,610.74,31,85.71,5.38,2025-01-19 16:18:00,2025-11-24 16:12:00,Los Angeles,West,54.81,High Value,Repeat Customer
CUST-2511,4,281.23,151.43,8,70.31,6.25,2025-05-02 08:18:00,2025-10-30 09:43:00,Los Angeles,West,53.85,Medium Value,Repeat Customer
CUST-2512,26,2101.96,1109.72,56,80.84,6.35,2025-01-14 15:34:00,2025-12-30 21:57:00,Los Angeles,West,52.79,High Value,Repeat Customer
CUST-2516,3,348.05,112.51,5,116.02,8.33,2025-01-26 08:25:00,2025-06-23 22:21:00,New York,East,32.33,Medium Value,Repeat Customer
CUST-2517,13,856.5,395.18,18,65.88,6.92,2025-01-09 16:45:00,2025-11-24 12:40:00,Chicago,North,46.14,Medium Value,Repeat Customer
CUST-2519,16,1189.17,552.01,22,74.32,9.06,2025-01-04 17:00:00,2025-12-17 19:22:00,Seattle,West,46.42,High Value,Repeat Customer
CUST-2521,20,2390.09,1033.12,41,119.5,7.5,2025-01-06 22:11:00,2025-12-06 16:03:00,Minneapolis,North,43.23,High Value,Repeat Customer
CUST-2522,2,164.56,102.66,4,82.28,0.0,2025-04-12 21:39:00,2025-10-23 18:07:00,Seattle,West,62.38,Medium Value,Repeat Customer
CUST-2524,1,51.7,30.05,1,51.7,10.0,2025-09-02 16:37:00,2025-09-02 16:37:00,Seattle,West,58.12,Low Value,One-Time Customer
CUST-2525,1,135.2,41.84,1,135.2,0.0,2025-07-12 19:57:00,2025-07-12 19:57:00,Seattle,West,30.95,Low Value,One-Time Customer
CUST-2527,1,59.35,39.82,3,59.35,10.0,2025-06-29 12:34:00,2025-06-29 12:34:00,Boston,East,67.09,Low Value,One-Time Customer
CUST-2528,7,749.68,369.33,14,107.1,4.29,2025-04-05 22:11:00,2025-12-18 21:57:00,Indianapolis,North,49.27,Medium Value,Repeat Customer
CUST-2529,2,311.51,147.52,3,155.76,0.0,2025-02-10 11:33:00,2025-11-03 11:01:00,Los Angeles,West,47.36,Medium Value,Repeat Customer
CUST-2532,5,372.34,211.84,11,74.47,7.0,2025-04-22 12:05:00,2025-11-06 14:49:00,Houston,South,56.89,Medium Value,Repeat Customer
CUST-2533,1,31.14,13.33,1,31.14,20.0,2025-06-26 15:29:00,2025-06-26 15:29:00,Houston,South,42.81,Low Value,One-Time Customer
CUST-2534,1,52.15,31.7,1,52.15,0.0,2025-01-29 15:58:00,2025-01-29 15:58:00,Denver,West,60.79,Low Value,One-Time Customer
CUST-2536,2,166.4,100.02,5,83.2,2.5,2025-03-29 12:34:00,2025-09-14 18:45:00,Denver,West,60.11,Medium Value,Repeat Customer
CUST-2537,7,1076.56,467.19,18,153.79,13.57,2025-07-15 13:13:00,2025-11-21 13:34:00,Seattle,West,43.4,High Value,Repeat Customer
CUST-2539,2,326.85,164.57,8,163.43,7.5,2025-05-01 15:49:00,2025-08-27 11:48:00,Los Angeles,West,50.35,Medium Value,Repeat Customer
CUST-2540,5,492.17,204.97,11,98.43,10.0,2025-04-03 20:41:00,2025-12-25 16:20:00,Denver,West,41.65,Medium Value,Repeat Customer
CUST-2541,1,18.01,11.73,1,18.01,20.0,2025-09-05 17:21:00,2025-09-05 17:21:00,Philadelphia,East,65.13,Low Value,One-Time Customer
CUST-2542,6,311.87,162.01,8,51.98,8.33,2025-01-02 22:04:00,2025-12-13 14:37:00,Washington Dc,East,51.95,Medium Value,Repeat Customer
CUST-2544,28,2297.06,965.44,38,82.04,5.71,2025-01-21 10:05:00,2025-12-28 16:11:00,New York,East,42.03,High Value,Repeat Customer
CUST-2545,1,90.47,-0.05,1,90.47,30.0,2025-12-29 20:18:00,2025-12-29 20:18:00,Los Angeles,West,-0.06,Low Value,One-Time Customer
CUST-2546,3,168.91,94.26,4,56.3,5.0,2025-01-26 17:11:00,2025-06-19 09:49:00,Atlanta,South,55.8,Medium Value,Repeat Customer
CUST-2547,3,232.73,142.71,7,77.58,8.33,2025-06-05 17:18:00,2025-09-08 14:17:00,Houston,South,61.32,Medium Value,Repeat Customer
CUST-2549,3,229.77,120.98,5,76.59,10.0,2025-02-10 10:37:00,2025-04-16 21:23:00,Atlanta,South,52.65,Medium Value,Repeat Customer
CUST-2550,18,1385.62,693.53,32,76.98,8.33,2025-01-01 22:19:00,2025-12-05 09:09:00,Houston,South,50.05,High Value,Repeat Customer
CUST-2551,3,294.72,156.0,8,98.24,11.67,2025-08-03 11:35:00,2025-11-21 13:19:00,New York,East,52.93,Medium Value,Repeat Customer
CUST-2552,3,123.35,70.62,4,41.12,5.0,2025-03-17 22:30:00,2025-05-13 14:21:00,Denver,West,57.25,Low Value,Repeat Customer
CUST-2553,13,1463.98,668.48,25,112.61,7.69,2025-01-08 13:44:00,2025-12-26 22:21:00,New York,East,45.66,High Value,Repeat Customer
CUST-2555,1,40.71,21.66,1,40.71,0.0,2025-04-22 11:37:00,2025-04-22 11:37:00,Minneapolis,North,53.21,Low Value,One-Time Customer
CUST-2556,4,394.27,107.58,5,98.57,15.0,2025-04-22 16:05:00,2025-12-30 10:02:00,Los Angeles,West,27.29,Medium Value,Repeat Customer
CUST-2557,1,40.89,21.39,1,40.89,0.0,2025-07-13 11:43:00,2025-07-13 11:43:00,Dallas,South,52.31,Low Value,One-Time Customer
CUST-2558,8,551.75,280.1,13,68.97,6.88,2025-03-23 10:17:00,2025-11-24 09:21:00,San Francisco,West,50.77,Medium Value,Repeat Customer
CUST-2559,11,863.59,448.18,22,78.51,10.0,2025-01-23 17:25:00,2025-12-21 09:25:00,Los Angeles,West,51.9,Medium Value,Repeat Customer
CUST-2560,3,190.64,107.43,5,63.55,5.0,2025-03-22 16:14:00,2025-11-21 11:17:00,Seattle,West,56.35,Medium Value,Repeat Customer
CUST-2562,3,435.7,148.32,5,145.23,3.33,2025-04-12 10:30:00,2025-11-24 10:26:00,Los Angeles,West,34.04,Medium Value,Repeat Customer
CUST-2563,1,26.31,19.03,1,26.31,5.0,2025-12-05 14:18:00,2025-12-05 14:18:00,Atlanta,South,72.33,Low Value,One-Time Customer
CUST-2564,5,219.68,128.57,7,43.94,6.0,2025-01-23 19:23:00,2025-11-30 20:17:00,Kansas City,Central,58.53,Medium Value,Repeat Customer
CUST-2565,3,363.16,186.66,7,121.05,5.0,2025-05-03 21:57:00,2025-07-03 10:18:00,Washington Dc,East,51.4,Medium Value,Repeat Customer
CUST-2566,4,509.46,165.34,5,127.36,11.25,2025-07-20 21:55:00,2025-12-27 18:18:00,Miami,South,32.45,Medium Value,Repeat Customer
CUST-2567,2,83.99,40.98,2,42.0,2.5,2025-02-08 17:44:00,2025-04-06 10:13:00,Atlanta,South,48.79,Low Value,Repeat Customer
CUST-2568,3,234.67,157.6,9,78.22,6.67,2025-06-01 19:38:00,2025-10-28 16:13:00,Houston,South,67.16,Medium Value,Repeat Customer
CUST-2569,8,593.38,286.99,15,74.17,6.25,2025-02-12 10:53:00,2025-11-23 16:48:00,Los Angeles,West,48.37,Medium Value,Repeat Customer
CUST-2570,3,262.57,97.02,3,87.52,10.0,2025-03-07 22:17:00,2025-12-24 12:36:00,Houston,South,36.95,Medium Value,Repeat Customer
CUST-2571,2,696.5,198.7,5,348.25,5.0,2025-04-17 11:30:00,2025-08-07 10:24:00,Philadelphia,East,28.53,Medium Value,Repeat Customer
CUST-2572,2,176.59,59.02,2,88.3,0.0,2025-03-30 09:15:00,2025-10-02 20:07:00,Atlanta,South,33.42,Medium Value,Repeat Customer
CUST-2573,9,665.25,289.09,12,73.92,5.0,2025-04-04 14:15:00,2025-12-16 21:51:00,Los Angeles,West,43.46,Medium Value,Repeat Customer
CUST-2577,3,205.93,110.45,6,68.64,6.67,2025-04-09 10:36:00,2025-10-23 10:33:00,Houston,South,53.63,Medium Value,Repeat Customer
CUST-2578,3,288.74,139.23,10,96.25,13.33,2025-01-27 19:38:00,2025-11-08 21:48:00,Minneapolis,North,48.22,Medium Value,Repeat Customer
CUST-2579,4,467.11,182.77,8,116.78,7.5,2025-02-25 22:14:00,2025-12-08 15:38:00,Los Angeles,West,39.13,Medium Value,Repeat Customer
CUST-2580,1,79.4,51.28,4,79.4,0.0,2025-11-21 12:41:00,2025-11-21 12:41:00,Dallas,South,64.58,Low Value,One-Time Customer
CUST-2582,3,263.12,125.43,5,87.71,10.0,2025-02-03 17:32:00,2025-12-28 14:45:00,Chicago,North,47.67,Medium Value,Repeat Customer
CUST-2583,1,56.3,42.48,2,56.3,5.0,2025-07-06 09:48:00,2025-07-06 09:48:00,Atlanta,South,75.45,Low Value,One-Time Customer
CUST-2584,66,5371.58,2606.29,114,81.39,5.0,2025-01-02 14:26:00,2025-12-31 08:08:00,Chicago,North,48.52,High Value,Repeat Customer
CUST-2585,1,79.44,56.64,4,79.44,0.0,2025-03-04 08:37:00,2025-03-04 08:37:00,Denver,West,71.3,Low Value,One-Time Customer
CUST-2586,5,481.91,238.69,12,96.38,2.0,2025-03-15 12:54:00,2025-09-17 08:41:00,Atlanta,South,49.53,Medium Value,Repeat Customer
CUST-2587,3,161.05,48.0,3,53.68,13.33,2025-11-20 13:07:00,2025-12-30 15:47:00,Boston,East,29.8,Medium Value,Repeat Customer
CUST-2588,4,303.74,141.22,5,75.94,6.25,2025-03-18 16:02:00,2025-11-20 17:26:00,Chicago,North,46.49,Medium Value,Repeat Customer
CUST-2589,6,423.39,236.73,9,70.56,2.5,2025-03-25 09:07:00,2025-11-12 09:16:00,Los Angeles,West,55.91,Medium Value,Repeat Customer
CUST-2590,5,667.98,242.88,7,133.6,6.0,2025-04-05 20:36:00,2025-09-06 21:33:00,Miami,South,36.36,Medium Value,Repeat Customer
CUST-2591,78,6958.11,3202.48,143,89.21,7.31,2025-01-10 17:09:00,2025-12-26 08:47:00,Denver,West,46.03,High Value,Repeat Customer
CUST-2593,1,18.32,13.16,1,18.32,0.0,2025-10-14 09:38:00,2025-10-14 09:38:00,Miami,South,71.83,Low Value,One-Time Customer
CUST-2594,5,286.57,155.46,7,57.31,2.0,2025-02-01 21:04:00,2025-10-08 09:35:00,Denver,West,54.25,Medium Value,Repeat Customer
CUST-2595,3,241.54,148.66,7,80.51,1.67,2025-03-04 17:22:00,2025-09-27 10:31:00,Columbus,Central,61.55,Medium Value,Repeat Customer
CUST-2599,14,801.87,477.23,24,57.28,4.29,2025-02-05 15:06:00,2025-12-08 21:22:00,Philadelphia,East,59.51,Medium Value,Repeat Customer
CUST-2601,2,453.64,207.55,5,226.82,2.5,2025-09-13 13:47:00,2025-12-29 08:20:00,Detroit,North,45.75,Medium Value,Repeat Customer
CUST-2602,1,72.97,33.1,1,72.97,0.0,2025-07-13 22:16:00,2025-07-13 22:16:00,Columbus,Central,45.36,Low Value,One-Time Customer
CUST-2604,1,91.92,40.41,1,91.92,0.0,2025-09-15 15:26:00,2025-09-15 15:26:00,Los Angeles,West,43.96,Low Value,One-Time Customer
CUST-2605,1,131.56,10.78,2,131.56,30.0,2025-11-30 10:25:00,2025-11-30 10:25:00,Seattle,West,8.19,Low Value,One-Time Customer
CUST-2607,6,487.74,236.49,8,81.29,1.67,2025-01-05 15:19:00,2025-12-20 09:08:00,Columbus,Central,48.49,Medium Value,Repeat Customer
CUST-2608,1,129.32,57.88,2,129.32,15.0,2025-09-07 16:50:00,2025-09-07 16:50:00,Atlanta,South,44.76,Low Value,One-Time Customer
CUST-2609,2,67.88,42.95,2,33.94,10.0,2025-05-08 11:42:00,2025-11-09 16:10:00,Chicago,North,63.27,Low Value,Repeat Customer
CUST-2610,10,828.88,392.23,19,82.89,8.5,2025-03-21 08:04:00,2025-12-11 14:38:00,New York,East,47.32,Medium Value,Repeat Customer
CUST-2611,5,453.4,255.04,13,90.68,8.0,2025-01-01 14:54:00,2025-10-19 12:24:00,Indianapolis,North,56.25,Medium Value,Repeat Customer
CUST-2613,2,118.64,72.9,3,59.32,0.0,2025-04-29 19:27:00,2025-12-31 10:02:00,Dallas,South,61.45,Low Value,Repeat Customer
CUST-2614,1,50.47,25.29,2,50.47,15.0,2025-12-24 14:14:00,2025-12-24 14:14:00,Seattle,West,50.11,Low Value,One-Time Customer
CUST-2615,2,165.58,86.34,3,82.79,0.0,2025-03-03 10:23:00,2025-05-15 15:13:00,Philadelphia,East,52.14,Medium Value,Repeat Customer
CUST-2616,107,10158.42,5019.82,211,94.94,4.63,2025-01-01 19:47:00,2025-12-25 19:53:00,Miami,South,49.42,High Value,Repeat Customer
CUST-2617,3,254.74,121.92,3,84.91,5.0,2025-04-06 15:14:00,2025-11-23 18:23:00,Los Angeles,West,47.86,Medium Value,Repeat Customer
CUST-2618,1,37.11,18.76,1,37.11,20.0,2025-12-24 16:04:00,2025-12-24 16:04:00,Atlanta,South,50.55,Low Value,One-Time Customer
CUST-2619,7,498.34,252.46,11,71.19,5.71,2025-01-09 20:44:00,2025-11-05 08:52:00,Chicago,North,50.66,Medium Value,Repeat Customer
CUST-2620,2,84.49,43.81,2,42.24,7.5,2025-09-04 12:50:00,2025-09-21 18:00:00,Seattle,West,51.85,Low Value,Repeat Customer
CUST-2622,8,557.82,336.47,13,69.73,5.62,2025-04-16 19:56:00,2025-12-31 08:04:00,Seattle,West,60.32,Medium Value,Repeat Customer
CUST-2623,18,1275.39,650.93,29,70.86,7.22,2025-03-15 10:19:00,2025-12-27 17:06:00,Chicago,North,51.04,High Value,Repeat Customer
CUST-2624,1,28.14,16.29,1,28.14,5.0,2025-06-17 10:40:00,2025-06-17 10:40:00,San Francisco,West,57.89,Low Value,One-Time Customer
CUST-2625,4,188.72,114.98,6,47.18,5.0,2025-04-28 17:45:00,2025-11-03 11:23:00,Washington Dc,East,60.93,Medium Value,Repeat Customer
CUST-2626,1,136.37,47.89,1,136.37,10.0,2025-06-15 08:19:00,2025-06-15 08:19:00,Philadelphia,East,35.12,Low Value,One-Time Customer
CUST-2627,4,583.98,306.6,10,146.0,1.25,2025-01-07 22:05:00,2025-09-28 17:45:00,Washington Dc,East,52.5,Medium Value,Repeat Customer
CUST-2629,3,284.2,98.09,3,94.73,6.67,2025-02-26 12:01:00,2025-12-13 21:52:00,Philadelphia,East,34.51,Medium Value,Repeat Customer
CUST-2630,6,590.51,269.79,11,98.42,5.0,2025-03-27 14:43:00,2025-11-10 15:45:00,Philadelphia,East,45.69,Medium Value,Repeat Customer
CUST-2632,7,511.0,263.66,13,73.0,10.71,2025-03-02 18:40:00,2025-12-31 09:00:00,Seattle,West,51.6,Medium Value,Repeat Customer
CUST-2633,10,615.72,264.06,12,61.57,8.0,2025-03-23 13:02:00,2025-12-20 21:09:00,New York,East,42.89,Medium Value,Repeat Customer
CUST-2634,18,1927.22,860.91,32,107.07,6.94,2025-01-14 17:13:00,2025-12-29 10:35:00,Los Angeles,West,44.67,High Value,Repeat Customer
CUST-2635,2,63.48,40.24,2,31.74,0.0,2025-01-21 20:16:00,2025-05-13 21:33:00,Dallas,South,63.39,Low Value,Repeat Customer
CUST-2638,74,6067.94,2768.74,130,82.0,7.23,2025-01-03 13:48:00,2025-12-27 19:25:00,Kansas City,Central,45.63,High Value,Repeat Customer
CUST-2639,17,1473.35,688.64,28,86.67,5.59,2025-01-25 10:37:00,2025-11-29 20:17:00,Kansas City,Central,46.74,High Value,Repeat Customer
CUST-2640,4,443.75,138.6,9,110.94,11.25,2025-08-23 22:39:00,2025-12-11 21:23:00,Dallas,South,31.23,Medium Value,Repeat Customer
CUST-2641,5,347.14,175.11,7,69.43,8.0,2025-02-15 12:07:00,2025-11-13 21:19:00,Boston,East,50.44,Medium Value,Repeat Customer
CUST-2642,2,165.63,57.0,2,82.82,20.0,2025-01-25 14:03:00,2025-12-28 21:51:00,Houston,South,34.41,Medium Value,Repeat Customer
CUST-2643,2,97.6,72.54,5,48.8,7.5,2025-01-23 12:25:00,2025-03-27 20:23:00,Columbus,Central,74.32,Low Value,Repeat Customer
CUST-2645,11,1214.03,653.46,27,110.37,6.82,2025-01-24 22:34:00,2025-10-28 09:22:00,Washington Dc,East,53.83,High Value,Repeat Customer
CUST-2646,2,84.32,32.71,2,42.16,15.0,2025-10-23 08:54:00,2025-11-24 19:16:00,Seattle,West,38.79,Low Value,Repeat Customer
CUST-2647,8,1006.37,441.28,15,125.8,2.5,2025-01-12 15:42:00,2025-12-04 20:28:00,Los Angeles,West,43.85,High Value,Repeat Customer
CUST-2648,9,988.26,410.92,14,109.81,6.67,2025-03-16 19:48:00,2025-10-10 17:46:00,Philadelphia,East,41.58,High Value,Repeat Customer
CUST-2649,10,951.52,422.8,15,95.15,5.5,2025-02-01 22:08:00,2025-12-06 18:16:00,Chicago,North,44.43,High Value,Repeat Customer
CUST-2651,1,117.45,36.45,2,117.45,15.0,2025-03-20 22:00:00,2025-03-20 22:00:00,Los Angeles,West,31.03,Low Value,One-Time Customer
CUST-2655,20,1832.8,821.32,33,91.64,6.25,2025-01-12 20:29:00,2025-12-29 12:13:00,Houston,South,44.81,High Value,Repeat Customer
CUST-2656,4,586.58,136.85,6,146.64,6.25,2025-01-08 10:21:00,2025-12-12 19:59:00,New York,East,23.33,Medium Value,Repeat Customer
CUST-2657,3,128.81,80.46,3,42.94,3.33,2025-06-21 10:01:00,2025-09-25 11:15:00,Los Angeles,West,62.46,Low Value,Repeat Customer
CUST-2658,1,28.76,21.0,1,28.76,5.0,2025-06-28 18:51:00,2025-06-28 18:51:00,Los Angeles,West,73.02,Low Value,One-Time Customer
CUST-2659,1,48.98,29.36,1,48.98,5.0,2025-10-23 10:09:00,2025-10-23 10:09:00,Washington Dc,East,59.94,Low Value,One-Time Customer
CUST-2660,2,68.33,45.34,4,34.16,15.0,2025-09-01 16:40:00,2025-10-12 16:06:00,Atlanta,South,66.35,Low Value,Repeat Customer
CUST-2661,1,23.38,17.13,1,23.38,5.0,2025-03-03 17:22:00,2025-03-03 17:22:00,Houston,South,73.27,Low Value,One-Time Customer
CUST-2662,19,1740.57,812.04,36,91.61,6.32,2025-03-06 13:32:00,2025-12-22 11:48:00,Washington Dc,East,46.65,High Value,Repeat Customer
CUST-2663,2,144.18,73.79,3,72.09,5.0,2025-07-05 14:33:00,2025-10-16 21:17:00,Philadelphia,East,51.18,Medium Value,Repeat Customer
CUST-2664,88,8834.15,4068.5,168,100.39,6.02,2025-01-01 14:26:00,2025-12-14 18:52:00,Houston,South,46.05,High Value,Repeat Customer
CUST-2665,8,740.43,379.26,18,92.55,6.88,2025-01-24 12:51:00,2025-12-10 10:52:00,Los Angeles,West,51.22,Medium Value,Repeat Customer
CUST-2667,18,1520.16,745.9,29,84.45,4.44,2025-01-01 16:51:00,2025-12-18 15:20:00,Los Angeles,West,49.07,High Value,Repeat Customer
CUST-2668,1,35.95,15.63,1,35.95,25.0,2025-12-26 22:54:00,2025-12-26 22:54:00,San Francisco,West,43.48,Low Value,One-Time Customer
CUST-2669,7,585.17,210.27,10,83.6,8.57,2025-03-13 17:38:00,2025-11-23 14:33:00,Houston,South,35.93,Medium Value,Repeat Customer
CUST-2671,12,976.21,444.44,19,81.35,3.33,2025-02-03 20:31:00,2025-12-02 20:31:00,Seattle,West,45.53,High Value,Repeat Customer
CUST-2672,11,1042.8,513.49,25,94.8,7.27,2025-02-07 20:21:00,2025-12-23 20:40:00,Philadelphia,East,49.24,High Value,Repeat Customer
CUST-2673,8,625.48,321.83,13,78.18,3.12,2025-01-22 12:40:00,2025-09-05 16:22:00,Los Angeles,West,51.45,Medium Value,Repeat Customer
CUST-2674,4,192.84,103.39,4,48.21,3.75,2025-07-14 17:38:00,2025-12-28 22:02:00,San Francisco,West,53.61,Medium Value,Repeat Customer
CUST-2675,1,58.63,33.33,2,58.63,5.0,2025-10-31 10:08:00,2025-10-31 10:08:00,Seattle,West,56.85,Low Value,One-Time Customer
CUST-2679,4,314.46,134.52,8,78.61,15.0,2025-03-26 10:03:00,2025-12-09 18:40:00,Dallas,South,42.78,Medium Value,Repeat Customer
CUST-2680,1,170.76,57.63,3,170.76,20.0,2025-01-18 11:43:00,2025-01-18 11:43:00,Houston,South,33.75,Medium Value,One-Time Customer
CUST-2681,42,3649.02,1507.13,65,86.88,5.6,2025-01-11 22:17:00,2025-12-22 12:59:00,Philadelphia,East,41.3,High Value,Repeat Customer
CUST-2682,1,41.24,21.62,1,41.24,0.0,2025-03-13 17:52:00,2025-03-13 17:52:00,Atlanta,South,52.42,Low Value,One-Time Customer
CUST-2683,8,696.41,306.95,13,87.05,6.25,2025-01-21 15:55:00,2025-10-09 17:42:00,Kansas City,Central,44.08,Medium Value,Repeat Customer
CUST-2684,1,38.78,20.11,1,38.78,0.0,2025-02-04 12:30:00,2025-02-04 12:30:00,Philadelphia,East,51.86,Low Value,One-Time Customer
CUST-2685,11,986.53,455.8,20,89.68,7.73,2025-01-30 11:52:00,2025-12-24 11:28:00,Philadelphia,East,46.2,High Value,Repeat Customer
CUST-2686,15,1127.61,556.38,25,75.17,3.33,2025-03-10 13:38:00,2025-12-28 22:19:00,Dallas,South,49.34,High Value,Repeat Customer
CUST-2688,3,219.82,117.43,4,73.27,5.0,2025-02-23 12:50:00,2025-12-16 20:25:00,Chicago,North,53.42,Medium Value,Repeat Customer
CUST-2689,8,998.43,474.13,16,124.8,6.25,2025-02-12 08:50:00,2025-12-20 19:51:00,New York,East,47.49,High Value,Repeat Customer
CUST-2691,2,65.76,38.0,2,32.88,15.0,2025-04-05 13:50:00,2025-11-21 19:10:00,Philadelphia,East,57.79,Low Value,Repeat Customer
CUST-2697,1,161.26,82.96,2,161.26,0.0,2025-05-18 14:02:00,2025-05-18 14:02:00,Denver,West,51.44,Medium Value,One-Time Customer
CUST-2698,22,1776.85,981.94,47,80.77,4.55,2025-01-03 08:03:00,2025-12-08 21:44:00,Houston,South,55.26,High Value,Repeat Customer
CUST-2699,3,252.97,152.9,7,84.32,10.0,2025-07-08 12:51:00,2025-11-06 08:41:00,Los Angeles,West,60.44,Medium Value,Repeat Customer
CUST-2700,30,2516.23,1171.94,59,83.87,7.5,2025-01-07 12:13:00,2025-12-22 17:22:00,Atlanta,South,46.58,High Value,Repeat Customer
CUST-2701,1,100.38,67.83,3,100.38,5.0,2025-12-07 22:18:00,2025-12-07 22:18:00,Seattle,West,67.57,Low Value,One-Time Customer
CUST-2703,1,72.9,36.4,2,72.9,5.0,2025-02-04 10:58:00,2025-02-04 10:58:00,Chicago,North,49.93,Low Value,One-Time Customer
CUST-2704,2,304.0,184.96,8,152.0,0.0,2025-07-06 12:17:00,2025-08-18 18:12:00,Denver,West,60.84,Medium Value,Repeat Customer
CUST-2706,5,629.69,269.26,11,125.94,3.0,2025-03-04 11:09:00,2025-09-21 18:15:00,Omaha,Central,42.76,Medium Value,Repeat Customer
CUST-2708,1,24.6,17.46,1,24.6,15.0,2025-01-29 12:01:00,2025-01-29 12:01:00,San Francisco,West,70.98,Low Value,One-Time Customer
CUST-2709,3,377.2,131.72,4,125.73,1.67,2025-03-29 17:58:00,2025-08-09 08:52:00,Minneapolis,North,34.92,Medium Value,Repeat Customer
CUST-2712,6,301.41,145.76,8,50.24,10.0,2025-01-08 21:55:00,2025-12-30 21:17:00,Omaha,Central,48.36,Medium Value,Repeat Customer
CUST-2713,1,34.46,17.85,1,34.46,10.0,2025-07-29 10:23:00,2025-07-29 10:23:00,San Francisco,West,51.8,Low Value,One-Time Customer
CUST-2714,1,142.08,97.98,6,142.08,0.0,2025-11-24 08:50:00,2025-11-24 08:50:00,San Francisco,West,68.96,Medium Value,One-Time Customer
CUST-2715,124,10670.49,4649.47,223,86.05,6.69,2025-01-08 15:48:00,2025-12-26 19:16:00,Kansas City,Central,43.57,High Value,Repeat Customer
CUST-2717,3,119.64,67.84,4,39.88,8.33,2025-01-10 12:29:00,2025-12-12 12:50:00,Dallas,South,56.7,Low Value,Repeat Customer
CUST-2718,53,4670.11,2066.06,92,88.12,6.98,2025-01-04 16:47:00,2025-12-28 10:59:00,Minneapolis,North,44.24,High Value,Repeat Customer
CUST-2719,1,92.97,53.39,2,92.97,5.0,2025-09-16 20:17:00,2025-09-16 20:17:00,Houston,South,57.43,Low Value,One-Time Customer
CUST-2722,1,112.58,70.3,2,112.58,0.0,2025-05-29 11:25:00,2025-05-29 11:25:00,Atlanta,South,62.44,Low Value,One-Time Customer
CUST-2724,3,196.74,117.46,6,65.58,6.67,2025-05-23 08:29:00,2025-11-12 16:56:00,Houston,South,59.7,Medium Value,Repeat Customer
CUST-2726,6,721.22,225.71,11,120.2,7.5,2025-04-18 19:39:00,2025-08-18 14:34:00,Omaha,Central,31.3,Medium Value,Repeat Customer
CUST-2727,161,13522.43,6440.54,276,83.99,6.09,2025-01-03 18:52:00,2025-12-30 13:42:00,Seattle,West,47.63,High Value,Repeat Customer
CUST-2728,9,764.68,268.39,10,84.96,10.56,2025-01-24 18:54:00,2025-11-30 12:18:00,Omaha,Central,35.1,Medium Value,Repeat Customer
CUST-2729,2,56.45,32.58,2,28.22,5.0,2025-06-10 11:04:00,2025-12-11 21:34:00,New York,East,57.71,Low Value,Repeat Customer
CUST-2730,1,232.6,58.3,2,232.6,0.0,2025-01-13 17:43:00,2025-01-13 17:43:00,Atlanta,South,25.06,Medium Value,One-Time Customer
CUST-2732,2,300.01,145.43,2,150.0,0.0,2025-08-03 14:24:00,2025-08-25 20:57:00,Miami,South,48.48,Medium Value,Repeat Customer
CUST-2733,3,176.31,99.42,5,58.77,8.33,2025-05-12 17:47:00,2025-11-13 09:29:00,Miami,South,56.39,Medium Value,Repeat Customer
CUST-2734,2,111.88,66.35,4,55.94,12.5,2025-07-30 16:13:00,2025-11-17 09:29:00,Atlanta,South,59.3,Low Value,Repeat Customer
CUST-2735,13,1158.36,547.17,23,89.1,9.23,2025-01-31 14:31:00,2025-12-29 12:17:00,Indianapolis,North,47.24,High Value,Repeat Customer
CUST-2736,1,73.62,42.09,3,73.62,15.0,2025-11-06 22:58:00,2025-11-06 22:58:00,Atlanta,South,57.17,Low Value,One-Time Customer
CUST-2737,2,241.16,76.07,3,120.58,5.0,2025-01-14 08:32:00,2025-08-24 18:58:00,Dallas,South,31.54,Medium Value,Repeat Customer
CUST-2738,1,233.0,71.34,2,233.0,0.0,2025-12-21 18:57:00,2025-12-21 18:57:00,Los Angeles,West,30.62,Medium Value,One-Time Customer
CUST-2739,1,133.97,42.19,1,133.97,0.0,2025-03-19 19:12:00,2025-03-19 19:12:00,Minneapolis,North,31.49,Low Value,One-Time Customer
CUST-2740,10,1016.9,475.7,16,101.69,4.5,2025-07-08 22:53:00,2025-12-17 08:56:00,Houston,South,46.78,High Value,Repeat Customer
CUST-2741,4,319.11,111.6,5,79.78,11.25,2025-05-28 15:21:00,2025-11-12 10:11:00,Seattle,West,34.97,Medium Value,Repeat Customer
CUST-2742,6,307.57,172.49,11,51.26,9.17,2025-01-25 10:14:00,2025-12-21 09:40:00,Indianapolis,North,56.08,Medium Value,Repeat Customer
CUST-2744,1,69.12,42.15,3,69.12,20.0,2025-03-30 12:57:00,2025-03-30 12:57:00,San Francisco,West,60.98,Low Value,One-Time Customer
CUST-2745,1,201.85,113.15,5,201.85,0.0,2025-03-19 19:48:00,2025-03-19 19:48:00,Houston,South,56.06,Medium Value,One-Time Customer
CUST-2748,5,501.11,247.35,11,100.22,9.0,2025-01-11 21:29:00,2025-08-02 13:38:00,Miami,South,49.36,Medium Value,Repeat Customer
CUST-2749,1,94.06,40.18,3,94.06,20.0,2025-11-21 15:27:00,2025-11-21 15:27:00,Philadelphia,East,42.72,Low Value,One-Time Customer
CUST-2750,4,283.83,178.42,10,70.96,6.25,2025-01-10 14:41:00,2025-10-22 21:31:00,Seattle,West,62.86,Medium Value,Repeat Customer
CUST-2754,34,3244.09,1441.11,63,95.41,5.44,2025-01-05 22:28:00,2025-12-29 20:30:00,Indianapolis,North,44.42,High Value,Repeat Customer
CUST-2755,3,488.48,137.97,7,162.83,11.67,2025-04-29 21:32:00,2025-12-24 08:37:00,Washington Dc,East,28.24,Medium Value,Repeat Customer
CUST-2756,20,1601.26,824.91,41,80.06,6.75,2025-01-17 19:44:00,2025-12-21 11:57:00,Atlanta,South,51.52,High Value,Repeat Customer
CUST-2757,1,56.58,33.96,2,56.58,5.0,2025-06-23 17:51:00,2025-06-23 17:51:00,New York,East,60.02,Low Value,One-Time Customer
CUST-2759,2,226.31,138.0,6,113.16,2.5,2025-03-19 16:18:00,2025-07-18 22:38:00,New York,East,60.98,Medium Value,Repeat Customer
CUST-2760,2,211.59,113.62,5,105.8,7.5,2025-08-12 20:26:00,2025-11-26 11:12:00,Miami,South,53.7,Medium Value,Repeat Customer
CUST-2761,2,57.94,35.85,2,28.97,0.0,2025-02-06 22:24:00,2025-03-29 08:57:00,San Francisco,West,61.87,Low Value,Repeat Customer
CUST-2762,1,44.58,24.27,1,44.58,15.0,2025-12-22 17:59:00,2025-12-22 17:59:00,Chicago,North,54.44,Low Value,One-Time Customer
CUST-2765,1,130.09,25.79,2,130.09,30.0,2025-12-25 15:07:00,2025-12-25 15:07:00,Los Angeles,West,19.82,Low Value,One-Time Customer
CUST-2766,4,352.38,176.42,8,88.1,11.25,2025-04-05 19:02:00,2025-11-06 14:40:00,Philadelphia,East,50.07,Medium Value,Repeat Customer
CUST-2767,3,207.34,108.69,4,69.11,0.0,2025-02-06 10:07:00,2025-06-11 18:47:00,Los Angeles,West,52.42,Medium Value,Repeat Customer
CUST-2768,2,126.9,65.76,2,63.45,2.5,2025-02-13 14:41:00,2025-02-17 12:12:00,Seattle,West,51.82,Low Value,Repeat Customer
CUST-2770,1,70.76,35.08,2,70.76,25.0,2025-12-15 22:26:00,2025-12-15 22:26:00,Miami,South,49.58,Low Value,One-Time Customer
CUST-2771,8,618.0,273.68,9,77.25,7.5,2025-04-07 12:00:00,2025-12-21 14:21:00,Boston,East,44.28,Medium Value,Repeat Customer
CUST-2772,15,1386.2,669.21,27,92.41,4.33,2025-01-02 11:00:00,2025-11-04 13:09:00,San Francisco,West,48.28,High Value,Repeat Customer
CUST-2773,37,3661.48,1857.75,88,98.96,6.08,2025-01-17 09:09:00,2025-12-23 22:14:00,Columbus,Central,50.74,High Value,Repeat Customer
CUST-2774,7,366.61,204.08,8,52.37,3.57,2025-03-05 19:17:00,2025-11-27 16:55:00,Denver,West,55.67,Medium Value,Repeat Customer
CUST-2775,2,247.88,89.39,3,123.94,10.0,2025-01-29 10:53:00,2025-08-14 16:14:00,Dallas,South,36.06,Medium Value,Repeat Customer
CUST-2776,6,427.95,255.66,10,71.32,5.83,2025-01-28 10:59:00,2025-12-25 19:00:00,Houston,South,59.74,Medium Value,Repeat Customer
CUST-2777,4,271.96,117.28,7,67.99,8.75,2025-02-22 10:00:00,2025-11-26 10:50:00,New York,East,43.12,Medium Value,Repeat Customer
CUST-2778,1,32.55,21.46,1,32.55,10.0,2025-09-16 20:18:00,2025-09-16 20:18:00,Los Angeles,West,65.93,Low Value,One-Time Customer
CUST-2779,6,598.84,253.77,9,99.81,7.5,2025-01-09 21:12:00,2025-10-16 12:27:00,New York,East,42.38,Medium Value,Repeat Customer
CUST-2781,12,685.86,412.57,19,57.16,3.33,2025-02-13 10:02:00,2025-12-20 13:25:00,San Francisco,West,60.15,Medium Value,Repeat Customer
CUST-2782,3,320.82,152.73,5,106.94,6.67,2025-01-12 08:46:00,2025-04-28 15:08:00,Dallas,South,47.61,Medium Value,Repeat Customer
CUST-2783,3,459.46,220.87,9,153.15,5.0,2025-08-06 10:54:00,2025-12-15 19:32:00,San Francisco,West,48.07,Medium Value,Repeat Customer
CUST-2784,4,291.05,134.65,5,72.76,1.25,2025-03-01 14:46:00,2025-12-15 19:43:00,Dallas,South,46.26,Medium Value,Repeat Customer
CUST-2785,8,731.53,287.31,15,91.44,11.25,2025-01-06 08:17:00,2025-12-22 22:35:00,Miami,South,39.28,Medium Value,Repeat Customer
CUST-2786,4,229.36,106.35,4,57.34,7.5,2025-05-04 21:13:00,2025-11-21 14:03:00,New York,East,46.37,Medium Value,Repeat Customer
CUST-2787,5,292.66,181.5,11,58.53,8.0,2025-06-28 15:03:00,2025-12-24 15:53:00,Seattle,West,62.02,Medium Value,Repeat Customer
CUST-2789,4,404.83,191.65,8,101.21,6.25,2025-02-21 14:59:00,2025-09-27 09:36:00,Houston,South,47.34,Medium Value,Repeat Customer
CUST-2791,5,380.34,162.52,7,76.07,11.0,2025-02-04 21:21:00,2025-11-26 10:43:00,Houston,South,42.73,Medium Value,Repeat Customer
CUST-2793,4,285.69,142.76,5,71.42,7.5,2025-03-02 21:54:00,2025-12-01 12:04:00,Philadelphia,East,49.97,Medium Value,Repeat Customer
CUST-2796,3,194.84,100.52,4,64.95,3.33,2025-02-02 09:40:00,2025-10-25 09:12:00,Houston,South,51.59,Medium Value,Repeat Customer
